"dataset","task","outer_target","source_train_subjects","source_validation_subjects","target_subject","session_scope","split_generation_rule","split_seed"
"DEAP","arousal","01","[""02"", ""04"", ""05"", ""06"", ""08"", ""09"", ""10"", ""11"", ""12"", ""13"", ""14"", ""15"", ""16"", ""17"", ""18"", ""19"", ""23"", ""24"", ""25"", ""26"", ""28"", ""29"", ""30"", ""31"", ""32""]","[""03"", ""07"", ""20"", ""21"", ""22"", ""27""]","01","single processed collection","best of 5000 source-only six-subject draws minimizing historical local-label valence/arousal prevalence deviation; original fold preserved after label repair","20261004"
"DEAP","arousal","02","[""03"", ""05"", ""06"", ""07"", ""08"", ""09"", ""11"", ""12"", ""13"", ""14"", ""16"", ""17"", ""18"", ""19"", ""20"", ""21"", ""22"", ""23"", ""24"", ""25"", ""26"", ""27"", ""28"", ""29"", ""31""]","[""01"", ""04"", ""10"", ""15"", ""30"", ""32""]","02","single processed collection","best of 5000 source-only six-subject draws minimizing historical local-label valence/arousal prevalence deviation; original fold preserved after label repair","20261005"
"DEAP","arousal","03","[""04"", ""05"", ""06"", ""07"", ""09"", ""10"", ""12"", ""13"", ""15"", ""16"", ""17"", ""18"", ""19"", ""20"", ""21"", ""22"", ""23"", ""24"", ""25"", ""26"", ""27"", ""28"", ""30"", ""31"", ""32""]","[""01"", ""02"", ""08"", ""11"", ""14"", ""29""]","03","single processed collection","best of 5000 source-only six-subject draws minimizing historical local-label valence/arousal prevalence deviation; original fold preserved after label repair","20261006"
"DEAP","arousal","04","[""01"", ""06"", ""07"", ""08"", ""09"", ""10"", ""11"", ""12"", ""13"", ""14"", ""15"", ""16"", ""17"", ""18"", ""22"", ""23"", ""24"", ""25"", ""26"", ""27"", ""28"", ""29"", ""30"", ""31"", ""32""]","[""02"", ""03"", ""05"", ""19"", ""20"", ""21""]","04","single processed collection","best of 5000 source-only six-subject draws minimizing historical local-label valence/arousal prevalence deviation; original fold preserved after label repair","20261007"
"DEAP","arousal","05","[""01"", ""03"", ""04"", ""08"", ""09"", ""10"", ""11"", ""12"", ""13"", ""14"", ""15"", ""17"", ""19"", ""20"", ""21"", ""22"", ""23"", ""25"", ""26"", ""27"", ""28"", ""29"", ""30"", ""31"", ""32""]","[""02"", ""06"", ""07"", ""16"", ""18"", ""24""]","05","single processed collection","best of 5000 source-only six-subject draws minimizing historical local-label valence/arousal prevalence deviation; original fold preserved after label repair","20261008"
"DEAP","arousal","06","[""01"", ""03"", ""04"", ""05"", ""09"", ""10"", ""11"", ""12"", ""13"", ""16"", ""17"", ""18"", ""19"", ""20"", ""21"", ""22"", ""23"", ""24"", ""25"", ""26"", ""27"", ""28"", ""30"", ""31"", ""32""]","[""02"", ""07"", ""08"", ""14"", ""15"", ""29""]","06","single processed collection","best of 5000 source-only six-subject draws minimizing historical local-label valence/arousal prevalence deviation; original fold preserved after label repair","20261009"
"DEAP","arousal","07","[""01"", ""02"", ""05"", ""06"", ""08"", ""09"", ""10"", ""11"", ""12"", ""13"", ""15"", ""17"", ""18"", ""19"", ""20"", ""21"", ""23"", ""24"", ""25"", ""26"", ""27"", ""28"", ""30"", ""31"", ""32""]","[""03"", ""04"", ""14"", ""16"", ""22"", ""29""]","07","single processed collection","best of 5000 source-only six-subject draws minimizing historical local-label valence/arousal prevalence deviation; original fold preserved after label repair","20261010"
"DEAP","arousal","08","[""01"", ""03"", ""04"", ""05"", ""07"", ""09"", ""10"", ""11"", ""12"", ""13"", ""14"", ""15"", ""16"", ""17"", ""18"", ""19"", ""20"", ""23"", ""24"", ""25"", ""26"", ""27"", ""28"", ""29"", ""31""]","[""02"", ""06"", ""21"", ""22"", ""30"", ""32""]","08","single processed collection","best of 5000 source-only six-subject draws minimizing historical local-label valence/arousal prevalence deviation; original fold preserved after label repair","20261011"
"DEAP","arousal","09","[""02"", ""03"", ""04"", ""05"", ""06"", ""07"", ""08"", ""10"", ""11"", ""12"", ""13"", ""15"", ""16"", ""17"", ""18"", ""19"", ""20"", ""21"", ""24"", ""26"", ""27"", ""29"", ""30"", ""31"", ""32""]","[""01"", ""14"", ""22"", ""23"", ""25"", ""28""]","09","single processed collection","best of 5000 source-only six-subject draws minimizing historical local-label valence/arousal prevalence deviation; original fold preserved after label repair","20261012"
"DEAP","arousal","10","[""01"", ""02"", ""03"", ""04"", ""05"", ""07"", ""08"", ""09"", ""11"", ""12"", ""14"", ""15"", ""16"", ""17"", ""18"", ""19"", ""21"", ""22"", ""23"", ""24"", ""27"", ""29"", ""30"", ""31"", ""32""]","[""06"", ""13"", ""20"", ""25"", ""26"", ""28""]","10","single processed collection","best of 5000 source-only six-subject draws minimizing historical local-label valence/arousal prevalence deviation; original fold preserved after label repair","20261013"
"DEAP","arousal","11","[""02"", ""04"", ""05"", ""06"", ""07"", ""08"", ""10"", ""12"", ""13"", ""14"", ""15"", ""17"", ""18"", ""19"", ""20"", ""21"", ""23"", ""24"", ""25"", ""26"", ""27"", ""28"", ""30"", ""31"", ""32""]","[""01"", ""03"", ""09"", ""16"", ""22"", ""29""]","11","single processed collection","best of 5000 source-only six-subject draws minimizing historical local-label valence/arousal prevalence deviation; original fold preserved after label repair","20261014"
"DEAP","arousal","12","[""02"", ""03"", ""04"", ""05"", ""07"", ""08"", ""09"", ""10"", ""11"", ""13"", ""14"", ""17"", ""18"", ""19"", ""20"", ""21"", ""22"", ""23"", ""24"", ""26"", ""28"", ""29"", ""30"", ""31"", ""32""]","[""01"", ""06"", ""15"", ""16"", ""25"", ""27""]","12","single processed collection","best of 5000 source-only six-subject draws minimizing historical local-label valence/arousal prevalence deviation; original fold preserved after label repair","20261015"
"DEAP","arousal","13","[""01"", ""02"", ""03"", ""04"", ""05"", ""06"", ""07"", ""09"", ""10"", ""12"", ""14"", ""15"", ""16"", ""17"", ""18"", ""19"", ""20"", ""21"", ""22"", ""23"", ""26"", ""27"", ""29"", ""31"", ""32""]","[""08"", ""11"", ""24"", ""25"", ""28"", ""30""]","13","single processed collection","best of 5000 source-only six-subject draws minimizing historical local-label valence/arousal prevalence deviation; original fold preserved after label repair","20261016"
"DEAP","arousal","14","[""01"", ""03"", ""04"", ""06"", ""08"", ""09"", ""10"", ""11"", ""12"", ""13"", ""17"", ""18"", ""19"", ""20"", ""21"", ""23"", ""24"", ""25"", ""26"", ""27"", ""28"", ""29"", ""30"", ""31"", ""32""]","[""02"", ""05"", ""07"", ""15"", ""16"", ""22""]","14","single processed collection","best of 5000 source-only six-subject draws minimizing historical local-label valence/arousal prevalence deviation; original fold preserved after label repair","20261017"
"DEAP","arousal","15","[""02"", ""03"", ""04"", ""05"", ""06"", ""07"", ""09"", ""10"", ""11"", ""12"", ""13"", ""14"", ""16"", ""17"", ""18"", ""19"", ""21"", ""22"", ""23"", ""24"", ""25"", ""26"", ""27"", ""29"", ""31""]","[""01"", ""08"", ""20"", ""28"", ""30"", ""32""]","15","single processed collection","best of 5000 source-only six-subject draws minimizing historical local-label valence/arousal prevalence deviation; original fold preserved after label repair","20261018"
"DEAP","arousal","16","[""01"", ""04"", ""05"", ""06"", ""07"", ""08"", ""09"", ""10"", ""11"", ""12"", ""14"", ""15"", ""19"", ""20"", ""21"", ""22"", ""23"", ""24"", ""25"", ""26"", ""28"", ""29"", ""30"", ""31"", ""32""]","[""02"", ""03"", ""13"", ""17"", ""18"", ""27""]","16","single processed collection","best of 5000 source-only six-subject draws minimizing historical local-label valence/arousal prevalence deviation; original fold preserved after label repair","20261019"
"DEAP","arousal","17","[""01"", ""02"", ""03"", ""04"", ""06"", ""07"", ""09"", ""10"", ""11"", ""12"", ""13"", ""14"", ""15"", ""16"", ""18"", ""19"", ""21"", ""22"", ""23"", ""24"", ""25"", ""26"", ""27"", ""30"", ""31""]","[""05"", ""08"", ""20"", ""28"", ""29"", ""32""]","17","single processed collection","best of 5000 source-only six-subject draws minimizing historical local-label valence/arousal prevalence deviation; original fold preserved after label repair","20261020"
"DEAP","arousal","18","[""05"", ""06"", ""07"", ""08"", ""09"", ""10"", ""11"", ""12"", ""13"", ""15"", ""17"", ""19"", ""20"", ""21"", ""22"", ""23"", ""24"", ""25"", ""26"", ""27"", ""28"", ""29"", ""30"", ""31"", ""32""]","[""01"", ""02"", ""03"", ""04"", ""14"", ""16""]","18","single processed collection","best of 5000 source-only six-subject draws minimizing historical local-label valence/arousal prevalence deviation; original fold preserved after label repair","20261021"
"DEAP","arousal","19","[""01"", ""03"", ""04"", ""05"", ""06"", ""07"", ""08"", ""09"", ""10"", ""12"", ""13"", ""15"", ""16"", ""17"", ""18"", ""21"", ""23"", ""24"", ""25"", ""27"", ""28"", ""29"", ""30"", ""31"", ""32""]","[""02"", ""11"", ""14"", ""20"", ""22"", ""26""]","19","single processed collection","best of 5000 source-only six-subject draws minimizing historical local-label valence/arousal prevalence deviation; original fold preserved after label repair","20261022"
"DEAP","arousal","20","[""02"", ""05"", ""06"", ""07"", ""08"", ""10"", ""11"", ""12"", ""13"", ""14"", ""15"", ""16"", ""17"", ""18"", ""19"", ""21"", ""22"", ""23"", ""24"", ""25"", ""26"", ""27"", ""28"", ""30"", ""31""]","[""01"", ""03"", ""04"", ""09"", ""29"", ""32""]","20","single processed collection","best of 5000 source-only six-subject draws minimizing historical local-label valence/arousal prevalence deviation; original fold preserved after label repair","20261023"
"DEAP","arousal","21","[""01"", ""03"", ""04"", ""05"", ""07"", ""08"", ""09"", ""10"", ""11"", ""12"", ""13"", ""14"", ""16"", ""17"", ""18"", ""19"", ""22"", ""23"", ""24"", ""26"", ""28"", ""29"", ""30"", ""31"", ""32""]","[""02"", ""06"", ""15"", ""20"", ""25"", ""27""]","21","single processed collection","best of 5000 source-only six-subject draws minimizing historical local-label valence/arousal prevalence deviation; original fold preserved after label repair","20261024"
"DEAP","arousal","22","[""01"", ""02"", ""03"", ""04"", ""06"", ""07"", ""09"", ""10"", ""11"", ""12"", ""13"", ""14"", ""18"", ""19"", ""20"", ""21"", ""23"", ""24"", ""25"", ""26"", ""27"", ""28"", ""30"", ""31"", ""32""]","[""05"", ""08"", ""15"", ""16"", ""17"", ""29""]","22","single processed collection","best of 5000 source-only six-subject draws minimizing historical local-label valence/arousal prevalence deviation; original fold preserved after label repair","20261025"
"DEAP","arousal","23","[""03"", ""04"", ""05"", ""08"", ""09"", ""10"", ""11"", ""12"", ""13"", ""15"", ""16"", ""17"", ""18"", ""19"", ""20"", ""22"", ""24"", ""25"", ""26"", ""27"", ""28"", ""29"", ""30"", ""31"", ""32""]","[""01"", ""02"", ""06"", ""07"", ""14"", ""21""]","23","single processed collection","best of 5000 source-only six-subject draws minimizing historical local-label valence/arousal prevalence deviation; original fold preserved after label repair","20261026"
"DEAP","arousal","24","[""02"", ""03"", ""04"", ""07"", ""08"", ""09"", ""10"", ""11"", ""12"", ""13"", ""14"", ""15"", ""16"", ""17"", ""18"", ""19"", ""21"", ""23"", ""25"", ""26"", ""27"", ""28"", ""30"", ""31"", ""32""]","[""01"", ""05"", ""06"", ""20"", ""22"", ""29""]","24","single processed collection","best of 5000 source-only six-subject draws minimizing historical local-label valence/arousal prevalence deviation; original fold preserved after label repair","20261027"
"DEAP","arousal","25","[""03"", ""04"", ""05"", ""06"", ""08"", ""09"", ""11"", ""12"", ""13"", ""14"", ""15"", ""16"", ""17"", ""18"", ""19"", ""20"", ""21"", ""22"", ""23"", ""24"", ""27"", ""28"", ""29"", ""30"", ""31""]","[""01"", ""02"", ""07"", ""10"", ""26"", ""32""]","25","single processed collection","best of 5000 source-only six-subject draws minimizing historical local-label valence/arousal prevalence deviation; original fold preserved after label repair","20261028"
"DEAP","arousal","26","[""02"", ""04"", ""05"", ""06"", ""07"", ""08"", ""09"", ""10"", ""11"", ""12"", ""14"", ""15"", ""16"", ""17"", ""18"", ""19"", ""20"", ""21"", ""22"", ""23"", ""24"", ""28"", ""29"", ""31"", ""32""]","[""01"", ""03"", ""13"", ""25"", ""27"", ""30""]","26","single processed collection","best of 5000 source-only six-subject draws minimizing historical local-label valence/arousal prevalence deviation; original fold preserved after label repair","20261029"
"DEAP","arousal","27","[""01"", ""03"", ""04"", ""05"", ""06"", ""07"", ""08"", ""09"", ""10"", ""11"", ""12"", ""13"", ""15"", ""16"", ""19"", ""20"", ""21"", ""22"", ""24"", ""26"", ""28"", ""29"", ""30"", ""31"", ""32""]","[""02"", ""14"", ""17"", ""18"", ""23"", ""25""]","27","single processed collection","best of 5000 source-only six-subject draws minimizing historical local-label valence/arousal prevalence deviation; original fold preserved after label repair","20261030"
"DEAP","arousal","28","[""02"", ""04"", ""05"", ""06"", ""08"", ""09"", ""10"", ""11"", ""13"", ""14"", ""15"", ""17"", ""18"", ""19"", ""20"", ""21"", ""22"", ""23"", ""24"", ""25"", ""26"", ""27"", ""30"", ""31"", ""32""]","[""01"", ""03"", ""07"", ""12"", ""16"", ""29""]","28","single processed collection","best of 5000 source-only six-subject draws minimizing historical local-label valence/arousal prevalence deviation; original fold preserved after label repair","20261031"
"DEAP","arousal","29","[""02"", ""03"", ""04"", ""05"", ""06"", ""07"", ""08"", ""11"", ""12"", ""13"", ""14"", ""16"", ""18"", ""19"", ""20"", ""21"", ""22"", ""23"", ""24"", ""25"", ""26"", ""27"", ""30"", ""31"", ""32""]","[""01"", ""09"", ""10"", ""15"", ""17"", ""28""]","29","single processed collection","best of 5000 source-only six-subject draws minimizing historical local-label valence/arousal prevalence deviation; original fold preserved after label repair","20261032"
"DEAP","arousal","30","[""03"", ""04"", ""06"", ""08"", ""09"", ""10"", ""12"", ""14"", ""15"", ""16"", ""17"", ""18"", ""19"", ""20"", ""21"", ""22"", ""23"", ""24"", ""25"", ""26"", ""27"", ""28"", ""29"", ""31"", ""32""]","[""01"", ""02"", ""05"", ""07"", ""11"", ""13""]","30","single processed collection","best of 5000 source-only six-subject draws minimizing historical local-label valence/arousal prevalence deviation; original fold preserved after label repair","20261033"
"DEAP","arousal","31","[""01"", ""03"", ""04"", ""05"", ""07"", ""08"", ""09"", ""10"", ""11"", ""13"", ""15"", ""16"", ""17"", ""18"", ""19"", ""20"", ""21"", ""23"", ""24"", ""25"", ""26"", ""27"", ""28"", ""29"", ""32""]","[""02"", ""06"", ""12"", ""14"", ""22"", ""30""]","31","single processed collection","best of 5000 source-only six-subject draws minimizing historical local-label valence/arousal prevalence deviation; original fold preserved after label repair","20261034"
"DEAP","arousal","32","[""02"", ""03"", ""04"", ""05"", ""06"", ""07"", ""08"", ""09"", ""10"", ""12"", ""13"", ""15"", ""16"", ""17"", ""18"", ""19"", ""20"", ""21"", ""23"", ""24"", ""25"", ""26"", ""27"", ""30"", ""31""]","[""01"", ""11"", ""14"", ""22"", ""28"", ""29""]","32","single processed collection","best of 5000 source-only six-subject draws minimizing historical local-label valence/arousal prevalence deviation; original fold preserved after label repair","20261035"
"DEAP","valence","01","[""02"", ""04"", ""05"", ""06"", ""08"", ""09"", ""10"", ""11"", ""12"", ""13"", ""14"", ""15"", ""16"", ""17"", ""18"", ""19"", ""23"", ""24"", ""25"", ""26"", ""28"", ""29"", ""30"", ""31"", ""32""]","[""03"", ""07"", ""20"", ""21"", ""22"", ""27""]","01","single processed collection","best of 5000 source-only six-subject draws minimizing historical local-label valence/arousal prevalence deviation; original fold preserved after label repair","20261004"
"DEAP","valence","02","[""03"", ""05"", ""06"", ""07"", ""08"", ""09"", ""11"", ""12"", ""13"", ""14"", ""16"", ""17"", ""18"", ""19"", ""20"", ""21"", ""22"", ""23"", ""24"", ""25"", ""26"", ""27"", ""28"", ""29"", ""31""]","[""01"", ""04"", ""10"", ""15"", ""30"", ""32""]","02","single processed collection","best of 5000 source-only six-subject draws minimizing historical local-label valence/arousal prevalence deviation; original fold preserved after label repair","20261005"
"DEAP","valence","03","[""04"", ""05"", ""06"", ""07"", ""09"", ""10"", ""12"", ""13"", ""15"", ""16"", ""17"", ""18"", ""19"", ""20"", ""21"", ""22"", ""23"", ""24"", ""25"", ""26"", ""27"", ""28"", ""30"", ""31"", ""32""]","[""01"", ""02"", ""08"", ""11"", ""14"", ""29""]","03","single processed collection","best of 5000 source-only six-subject draws minimizing historical local-label valence/arousal prevalence deviation; original fold preserved after label repair","20261006"
"DEAP","valence","04","[""01"", ""06"", ""07"", ""08"", ""09"", ""10"", ""11"", ""12"", ""13"", ""14"", ""15"", ""16"", ""17"", ""18"", ""22"", ""23"", ""24"", ""25"", ""26"", ""27"", ""28"", ""29"", ""30"", ""31"", ""32""]","[""02"", ""03"", ""05"", ""19"", ""20"", ""21""]","04","single processed collection","best of 5000 source-only six-subject draws minimizing historical local-label valence/arousal prevalence deviation; original fold preserved after label repair","20261007"
"DEAP","valence","05","[""01"", ""03"", ""04"", ""08"", ""09"", ""10"", ""11"", ""12"", ""13"", ""14"", ""15"", ""17"", ""19"", ""20"", ""21"", ""22"", ""23"", ""25"", ""26"", ""27"", ""28"", ""29"", ""30"", ""31"", ""32""]","[""02"", ""06"", ""07"", ""16"", ""18"", ""24""]","05","single processed collection","best of 5000 source-only six-subject draws minimizing historical local-label valence/arousal prevalence deviation; original fold preserved after label repair","20261008"
"DEAP","valence","06","[""01"", ""03"", ""04"", ""05"", ""09"", ""10"", ""11"", ""12"", ""13"", ""16"", ""17"", ""18"", ""19"", ""20"", ""21"", ""22"", ""23"", ""24"", ""25"", ""26"", ""27"", ""28"", ""30"", ""31"", ""32""]","[""02"", ""07"", ""08"", ""14"", ""15"", ""29""]","06","single processed collection","best of 5000 source-only six-subject draws minimizing historical local-label valence/arousal prevalence deviation; original fold preserved after label repair","20261009"
"DEAP","valence","07","[""01"", ""02"", ""05"", ""06"", ""08"", ""09"", ""10"", ""11"", ""12"", ""13"", ""15"", ""17"", ""18"", ""19"", ""20"", ""21"", ""23"", ""24"", ""25"", ""26"", ""27"", ""28"", ""30"", ""31"", ""32""]","[""03"", ""04"", ""14"", ""16"", ""22"", ""29""]","07","single processed collection","best of 5000 source-only six-subject draws minimizing historical local-label valence/arousal prevalence deviation; original fold preserved after label repair","20261010"
"DEAP","valence","08","[""01"", ""03"", ""04"", ""05"", ""07"", ""09"", ""10"", ""11"", ""12"", ""13"", ""14"", ""15"", ""16"", ""17"", ""18"", ""19"", ""20"", ""23"", ""24"", ""25"", ""26"", ""27"", ""28"", ""29"", ""31""]","[""02"", ""06"", ""21"", ""22"", ""30"", ""32""]","08","single processed collection","best of 5000 source-only six-subject draws minimizing historical local-label valence/arousal prevalence deviation; original fold preserved after label repair","20261011"
"DEAP","valence","09","[""02"", ""03"", ""04"", ""05"", ""06"", ""07"", ""08"", ""10"", ""11"", ""12"", ""13"", ""15"", ""16"", ""17"", ""18"", ""19"", ""20"", ""21"", ""24"", ""26"", ""27"", ""29"", ""30"", ""31"", ""32""]","[""01"", ""14"", ""22"", ""23"", ""25"", ""28""]","09","single processed collection","best of 5000 source-only six-subject draws minimizing historical local-label valence/arousal prevalence deviation; original fold preserved after label repair","20261012"
"DEAP","valence","10","[""01"", ""02"", ""03"", ""04"", ""05"", ""07"", ""08"", ""09"", ""11"", ""12"", ""14"", ""15"", ""16"", ""17"", ""18"", ""19"", ""21"", ""22"", ""23"", ""24"", ""27"", ""29"", ""30"", ""31"", ""32""]","[""06"", ""13"", ""20"", ""25"", ""26"", ""28""]","10","single processed collection","best of 5000 source-only six-subject draws minimizing historical local-label valence/arousal prevalence deviation; original fold preserved after label repair","20261013"
"DEAP","valence","11","[""02"", ""04"", ""05"", ""06"", ""07"", ""08"", ""10"", ""12"", ""13"", ""14"", ""15"", ""17"", ""18"", ""19"", ""20"", ""21"", ""23"", ""24"", ""25"", ""26"", ""27"", ""28"", ""30"", ""31"", ""32""]","[""01"", ""03"", ""09"", ""16"", ""22"", ""29""]","11","single processed collection","best of 5000 source-only six-subject draws minimizing historical local-label valence/arousal prevalence deviation; original fold preserved after label repair","20261014"
"DEAP","valence","12","[""02"", ""03"", ""04"", ""05"", ""07"", ""08"", ""09"", ""10"", ""11"", ""13"", ""14"", ""17"", ""18"", ""19"", ""20"", ""21"", ""22"", ""23"", ""24"", ""26"", ""28"", ""29"", ""30"", ""31"", ""32""]","[""01"", ""06"", ""15"", ""16"", ""25"", ""27""]","12","single processed collection","best of 5000 source-only six-subject draws minimizing historical local-label valence/arousal prevalence deviation; original fold preserved after label repair","20261015"
"DEAP","valence","13","[""01"", ""02"", ""03"", ""04"", ""05"", ""06"", ""07"", ""09"", ""10"", ""12"", ""14"", ""15"", ""16"", ""17"", ""18"", ""19"", ""20"", ""21"", ""22"", ""23"", ""26"", ""27"", ""29"", ""31"", ""32""]","[""08"", ""11"", ""24"", ""25"", ""28"", ""30""]","13","single processed collection","best of 5000 source-only six-subject draws minimizing historical local-label valence/arousal prevalence deviation; original fold preserved after label repair","20261016"
"DEAP","valence","14","[""01"", ""03"", ""04"", ""06"", ""08"", ""09"", ""10"", ""11"", ""12"", ""13"", ""17"", ""18"", ""19"", ""20"", ""21"", ""23"", ""24"", ""25"", ""26"", ""27"", ""28"", ""29"", ""30"", ""31"", ""32""]","[""02"", ""05"", ""07"", ""15"", ""16"", ""22""]","14","single processed collection","best of 5000 source-only six-subject draws minimizing historical local-label valence/arousal prevalence deviation; original fold preserved after label repair","20261017"
"DEAP","valence","15","[""02"", ""03"", ""04"", ""05"", ""06"", ""07"", ""09"", ""10"", ""11"", ""12"", ""13"", ""14"", ""16"", ""17"", ""18"", ""19"", ""21"", ""22"", ""23"", ""24"", ""25"", ""26"", ""27"", ""29"", ""31""]","[""01"", ""08"", ""20"", ""28"", ""30"", ""32""]","15","single processed collection","best of 5000 source-only six-subject draws minimizing historical local-label valence/arousal prevalence deviation; original fold preserved after label repair","20261018"
"DEAP","valence","16","[""01"", ""04"", ""05"", ""06"", ""07"", ""08"", ""09"", ""10"", ""11"", ""12"", ""14"", ""15"", ""19"", ""20"", ""21"", ""22"", ""23"", ""24"", ""25"", ""26"", ""28"", ""29"", ""30"", ""31"", ""32""]","[""02"", ""03"", ""13"", ""17"", ""18"", ""27""]","16","single processed collection","best of 5000 source-only six-subject draws minimizing historical local-label valence/arousal prevalence deviation; original fold preserved after label repair","20261019"
"DEAP","valence","17","[""01"", ""02"", ""03"", ""04"", ""06"", ""07"", ""09"", ""10"", ""11"", ""12"", ""13"", ""14"", ""15"", ""16"", ""18"", ""19"", ""21"", ""22"", ""23"", ""24"", ""25"", ""26"", ""27"", ""30"", ""31""]","[""05"", ""08"", ""20"", ""28"", ""29"", ""32""]","17","single processed collection","best of 5000 source-only six-subject draws minimizing historical local-label valence/arousal prevalence deviation; original fold preserved after label repair","20261020"
"DEAP","valence","18","[""05"", ""06"", ""07"", ""08"", ""09"", ""10"", ""11"", ""12"", ""13"", ""15"", ""17"", ""19"", ""20"", ""21"", ""22"", ""23"", ""24"", ""25"", ""26"", ""27"", ""28"", ""29"", ""30"", ""31"", ""32""]","[""01"", ""02"", ""03"", ""04"", ""14"", ""16""]","18","single processed collection","best of 5000 source-only six-subject draws minimizing historical local-label valence/arousal prevalence deviation; original fold preserved after label repair","20261021"
"DEAP","valence","19","[""01"", ""03"", ""04"", ""05"", ""06"", ""07"", ""08"", ""09"", ""10"", ""12"", ""13"", ""15"", ""16"", ""17"", ""18"", ""21"", ""23"", ""24"", ""25"", ""27"", ""28"", ""29"", ""30"", ""31"", ""32""]","[""02"", ""11"", ""14"", ""20"", ""22"", ""26""]","19","single processed collection","best of 5000 source-only six-subject draws minimizing historical local-label valence/arousal prevalence deviation; original fold preserved after label repair","20261022"
"DEAP","valence","20","[""02"", ""05"", ""06"", ""07"", ""08"", ""10"", ""11"", ""12"", ""13"", ""14"", ""15"", ""16"", ""17"", ""18"", ""19"", ""21"", ""22"", ""23"", ""24"", ""25"", ""26"", ""27"", ""28"", ""30"", ""31""]","[""01"", ""03"", ""04"", ""09"", ""29"", ""32""]","20","single processed collection","best of 5000 source-only six-subject draws minimizing historical local-label valence/arousal prevalence deviation; original fold preserved after label repair","20261023"
"DEAP","valence","21","[""01"", ""03"", ""04"", ""05"", ""07"", ""08"", ""09"", ""10"", ""11"", ""12"", ""13"", ""14"", ""16"", ""17"", ""18"", ""19"", ""22"", ""23"", ""24"", ""26"", ""28"", ""29"", ""30"", ""31"", ""32""]","[""02"", ""06"", ""15"", ""20"", ""25"", ""27""]","21","single processed collection","best of 5000 source-only six-subject draws minimizing historical local-label valence/arousal prevalence deviation; original fold preserved after label repair","20261024"
"DEAP","valence","22","[""01"", ""02"", ""03"", ""04"", ""06"", ""07"", ""09"", ""10"", ""11"", ""12"", ""13"", ""14"", ""18"", ""19"", ""20"", ""21"", ""23"", ""24"", ""25"", ""26"", ""27"", ""28"", ""30"", ""31"", ""32""]","[""05"", ""08"", ""15"", ""16"", ""17"", ""29""]","22","single processed collection","best of 5000 source-only six-subject draws minimizing historical local-label valence/arousal prevalence deviation; original fold preserved after label repair","20261025"
"DEAP","valence","23","[""03"", ""04"", ""05"", ""08"", ""09"", ""10"", ""11"", ""12"", ""13"", ""15"", ""16"", ""17"", ""18"", ""19"", ""20"", ""22"", ""24"", ""25"", ""26"", ""27"", ""28"", ""29"", ""30"", ""31"", ""32""]","[""01"", ""02"", ""06"", ""07"", ""14"", ""21""]","23","single processed collection","best of 5000 source-only six-subject draws minimizing historical local-label valence/arousal prevalence deviation; original fold preserved after label repair","20261026"
"DEAP","valence","24","[""02"", ""03"", ""04"", ""07"", ""08"", ""09"", ""10"", ""11"", ""12"", ""13"", ""14"", ""15"", ""16"", ""17"", ""18"", ""19"", ""21"", ""23"", ""25"", ""26"", ""27"", ""28"", ""30"", ""31"", ""32""]","[""01"", ""05"", ""06"", ""20"", ""22"", ""29""]","24","single processed collection","best of 5000 source-only six-subject draws minimizing historical local-label valence/arousal prevalence deviation; original fold preserved after label repair","20261027"
"DEAP","valence","25","[""03"", ""04"", ""05"", ""06"", ""08"", ""09"", ""11"", ""12"", ""13"", ""14"", ""15"", ""16"", ""17"", ""18"", ""19"", ""20"", ""21"", ""22"", ""23"", ""24"", ""27"", ""28"", ""29"", ""30"", ""31""]","[""01"", ""02"", ""07"", ""10"", ""26"", ""32""]","25","single processed collection","best of 5000 source-only six-subject draws minimizing historical local-label valence/arousal prevalence deviation; original fold preserved after label repair","20261028"
"DEAP","valence","26","[""02"", ""04"", ""05"", ""06"", ""07"", ""08"", ""09"", ""10"", ""11"", ""12"", ""14"", ""15"", ""16"", ""17"", ""18"", ""19"", ""20"", ""21"", ""22"", ""23"", ""24"", ""28"", ""29"", ""31"", ""32""]","[""01"", ""03"", ""13"", ""25"", ""27"", ""30""]","26","single processed collection","best of 5000 source-only six-subject draws minimizing historical local-label valence/arousal prevalence deviation; original fold preserved after label repair","20261029"
"DEAP","valence","27","[""01"", ""03"", ""04"", ""05"", ""06"", ""07"", ""08"", ""09"", ""10"", ""11"", ""12"", ""13"", ""15"", ""16"", ""19"", ""20"", ""21"", ""22"", ""24"", ""26"", ""28"", ""29"", ""30"", ""31"", ""32""]","[""02"", ""14"", ""17"", ""18"", ""23"", ""25""]","27","single processed collection","best of 5000 source-only six-subject draws minimizing historical local-label valence/arousal prevalence deviation; original fold preserved after label repair","20261030"
"DEAP","valence","28","[""02"", ""04"", ""05"", ""06"", ""08"", ""09"", ""10"", ""11"", ""13"", ""14"", ""15"", ""17"", ""18"", ""19"", ""20"", ""21"", ""22"", ""23"", ""24"", ""25"", ""26"", ""27"", ""30"", ""31"", ""32""]","[""01"", ""03"", ""07"", ""12"", ""16"", ""29""]","28","single processed collection","best of 5000 source-only six-subject draws minimizing historical local-label valence/arousal prevalence deviation; original fold preserved after label repair","20261031"
"DEAP","valence","29","[""02"", ""03"", ""04"", ""05"", ""06"", ""07"", ""08"", ""11"", ""12"", ""13"", ""14"", ""16"", ""18"", ""19"", ""20"", ""21"", ""22"", ""23"", ""24"", ""25"", ""26"", ""27"", ""30"", ""31"", ""32""]","[""01"", ""09"", ""10"", ""15"", ""17"", ""28""]","29","single processed collection","best of 5000 source-only six-subject draws minimizing historical local-label valence/arousal prevalence deviation; original fold preserved after label repair","20261032"
"DEAP","valence","30","[""03"", ""04"", ""06"", ""08"", ""09"", ""10"", ""12"", ""14"", ""15"", ""16"", ""17"", ""18"", ""19"", ""20"", ""21"", ""22"", ""23"", ""24"", ""25"", ""26"", ""27"", ""28"", ""29"", ""31"", ""32""]","[""01"", ""02"", ""05"", ""07"", ""11"", ""13""]","30","single processed collection","best of 5000 source-only six-subject draws minimizing historical local-label valence/arousal prevalence deviation; original fold preserved after label repair","20261033"
"DEAP","valence","31","[""01"", ""03"", ""04"", ""05"", ""07"", ""08"", ""09"", ""10"", ""11"", ""13"", ""15"", ""16"", ""17"", ""18"", ""19"", ""20"", ""21"", ""23"", ""24"", ""25"", ""26"", ""27"", ""28"", ""29"", ""32""]","[""02"", ""06"", ""12"", ""14"", ""22"", ""30""]","31","single processed collection","best of 5000 source-only six-subject draws minimizing historical local-label valence/arousal prevalence deviation; original fold preserved after label repair","20261034"
"DEAP","valence","32","[""02"", ""03"", ""04"", ""05"", ""06"", ""07"", ""08"", ""09"", ""10"", ""12"", ""13"", ""15"", ""16"", ""17"", ""18"", ""19"", ""20"", ""21"", ""23"", ""24"", ""25"", ""26"", ""27"", ""30"", ""31""]","[""01"", ""11"", ""14"", ""22"", ""28"", ""29""]","32","single processed collection","best of 5000 source-only six-subject draws minimizing historical local-label valence/arousal prevalence deviation; original fold preserved after label repair","20261035"
"FACED","emotion","sub000","[""sub001"", ""sub003"", ""sub004"", ""sub005"", ""sub006"", ""sub007"", ""sub008"", ""sub009"", ""sub010"", ""sub011"", ""sub013"", ""sub014"", ""sub015"", ""sub016"", ""sub017"", ""sub018"", ""sub019"", ""sub020"", ""sub021"", ""sub023"", ""sub024"", ""sub025"", ""sub027"", ""sub028"", ""sub029"", ""sub030"", ""sub031"", ""sub032"", ""sub033"", ""sub034"", ""sub035"", ""sub037"", ""sub038"", ""sub039"", ""sub040"", ""sub041"", ""sub042"", ""sub043"", ""sub045"", ""sub046"", ""sub047"", ""sub048"", ""sub049"", ""sub050"", ""sub051"", ""sub052"", ""sub053"", ""sub055"", ""sub056"", ""sub057"", ""sub058"", ""sub059"", ""sub060"", ""sub061"", ""sub062"", ""sub063"", ""sub064"", ""sub065"", ""sub066"", ""sub067"", ""sub068"", ""sub069"", ""sub070"", ""sub072"", ""sub073"", ""sub075"", ""sub076"", ""sub077"", ""sub078"", ""sub079"", ""sub080"", ""sub081"", ""sub083"", ""sub084"", ""sub085"", ""sub086"", ""sub087"", ""sub088"", ""sub089"", ""sub090"", ""sub092"", ""sub093"", ""sub094"", ""sub095"", ""sub096"", ""sub097"", ""sub098"", ""sub099"", ""sub100"", ""sub101"", ""sub102"", ""sub103"", ""sub104"", ""sub105"", ""sub106"", ""sub107"", ""sub108"", ""sub109"", ""sub110"", ""sub111"", ""sub112"", ""sub113"", ""sub115"", ""sub116"", ""sub117"", ""sub118"", ""sub119"", ""sub120"", ""sub121"", ""sub122""]","[""sub002"", ""sub012"", ""sub022"", ""sub026"", ""sub036"", ""sub044"", ""sub054"", ""sub071"", ""sub074"", ""sub082"", ""sub091"", ""sub114""]","sub000","single processed collection","sorted subject IDs; per-target NumPy SeedSequence([seed, fold_index]); permute remaining source IDs; first ceil(validation_fraction*N_source) are validation","20261001"
"FACED","emotion","sub001","[""sub002"", ""sub003"", ""sub004"", ""sub005"", ""sub007"", ""sub008"", ""sub009"", ""sub010"", ""sub011"", ""sub012"", ""sub013"", ""sub014"", ""sub015"", ""sub016"", ""sub017"", ""sub018"", ""sub019"", ""sub020"", ""sub021"", ""sub022"", ""sub023"", ""sub024"", ""sub025"", ""sub026"", ""sub027"", ""sub028"", ""sub029"", ""sub031"", ""sub032"", ""sub033"", ""sub034"", ""sub035"", ""sub036"", ""sub037"", ""sub038"", ""sub039"", ""sub040"", ""sub041"", ""sub042"", ""sub043"", ""sub044"", ""sub045"", ""sub046"", ""sub047"", ""sub048"", ""sub050"", ""sub051"", ""sub052"", ""sub053"", ""sub054"", ""sub055"", ""sub056"", ""sub057"", ""sub058"", ""sub059"", ""sub060"", ""sub062"", ""sub063"", ""sub064"", ""sub065"", ""sub066"", ""sub067"", ""sub068"", ""sub069"", ""sub070"", ""sub071"", ""sub072"", ""sub074"", ""sub075"", ""sub076"", ""sub077"", ""sub078"", ""sub080"", ""sub081"", ""sub082"", ""sub083"", ""sub084"", ""sub085"", ""sub086"", ""sub088"", ""sub089"", ""sub090"", ""sub091"", ""sub092"", ""sub093"", ""sub094"", ""sub097"", ""sub098"", ""sub099"", ""sub100"", ""sub101"", ""sub102"", ""sub103"", ""sub105"", ""sub106"", ""sub107"", ""sub108"", ""sub109"", ""sub110"", ""sub111"", ""sub113"", ""sub114"", ""sub115"", ""sub116"", ""sub117"", ""sub118"", ""sub119"", ""sub120"", ""sub121"", ""sub122""]","[""sub000"", ""sub006"", ""sub030"", ""sub049"", ""sub061"", ""sub073"", ""sub079"", ""sub087"", ""sub095"", ""sub096"", ""sub104"", ""sub112""]","sub001","single processed collection","sorted subject IDs; per-target NumPy SeedSequence([seed, fold_index]); permute remaining source IDs; first ceil(validation_fraction*N_source) are validation","20261001"
"FACED","emotion","sub002","[""sub000"", ""sub001"", ""sub003"", ""sub004"", ""sub005"", ""sub006"", ""sub007"", ""sub008"", ""sub010"", ""sub011"", ""sub012"", ""sub013"", ""sub014"", ""sub015"", ""sub016"", ""sub018"", ""sub019"", ""sub020"", ""sub022"", ""sub023"", ""sub024"", ""sub025"", ""sub026"", ""sub027"", ""sub028"", ""sub029"", ""sub030"", ""sub031"", ""sub032"", ""sub033"", ""sub034"", ""sub035"", ""sub036"", ""sub037"", ""sub038"", ""sub039"", ""sub040"", ""sub041"", ""sub042"", ""sub043"", ""sub044"", ""sub045"", ""sub047"", ""sub048"", ""sub049"", ""sub050"", ""sub052"", ""sub053"", ""sub054"", ""sub055"", ""sub056"", ""sub057"", ""sub058"", ""sub060"", ""sub061"", ""sub062"", ""sub064"", ""sub065"", ""sub066"", ""sub067"", ""sub069"", ""sub070"", ""sub071"", ""sub072"", ""sub073"", ""sub074"", ""sub076"", ""sub078"", ""sub079"", ""sub080"", ""sub081"", ""sub082"", ""sub083"", ""sub084"", ""sub085"", ""sub086"", ""sub087"", ""sub088"", ""sub089"", ""sub090"", ""sub091"", ""sub092"", ""sub093"", ""sub094"", ""sub096"", ""sub097"", ""sub098"", ""sub099"", ""sub100"", ""sub101"", ""sub102"", ""sub103"", ""sub105"", ""sub106"", ""sub107"", ""sub108"", ""sub109"", ""sub110"", ""sub111"", ""sub112"", ""sub113"", ""sub114"", ""sub115"", ""sub116"", ""sub117"", ""sub118"", ""sub119"", ""sub120"", ""sub121"", ""sub122""]","[""sub009"", ""sub017"", ""sub021"", ""sub046"", ""sub051"", ""sub059"", ""sub063"", ""sub068"", ""sub075"", ""sub077"", ""sub095"", ""sub104""]","sub002","single processed collection","sorted subject IDs; per-target NumPy SeedSequence([seed, fold_index]); permute remaining source IDs; first ceil(validation_fraction*N_source) are validation","20261001"
"FACED","emotion","sub003","[""sub000"", ""sub001"", ""sub002"", ""sub004"", ""sub005"", ""sub008"", ""sub009"", ""sub010"", ""sub011"", ""sub012"", ""sub013"", ""sub014"", ""sub015"", ""sub016"", ""sub017"", ""sub018"", ""sub019"", ""sub020"", ""sub022"", ""sub023"", ""sub024"", ""sub025"", ""sub026"", ""sub027"", ""sub028"", ""sub029"", ""sub030"", ""sub031"", ""sub032"", ""sub033"", ""sub034"", ""sub035"", ""sub036"", ""sub037"", ""sub038"", ""sub039"", ""sub040"", ""sub041"", ""sub042"", ""sub043"", ""sub044"", ""sub045"", ""sub046"", ""sub047"", ""sub048"", ""sub049"", ""sub050"", ""sub051"", ""sub052"", ""sub053"", ""sub055"", ""sub056"", ""sub057"", ""sub058"", ""sub059"", ""sub060"", ""sub061"", ""sub062"", ""sub063"", ""sub064"", ""sub065"", ""sub066"", ""sub067"", ""sub068"", ""sub069"", ""sub070"", ""sub072"", ""sub073"", ""sub074"", ""sub076"", ""sub077"", ""sub078"", ""sub079"", ""sub080"", ""sub081"", ""sub082"", ""sub083"", ""sub084"", ""sub085"", ""sub086"", ""sub087"", ""sub089"", ""sub090"", ""sub091"", ""sub092"", ""sub093"", ""sub094"", ""sub095"", ""sub096"", ""sub097"", ""sub098"", ""sub099"", ""sub100"", ""sub101"", ""sub102"", ""sub103"", ""sub105"", ""sub106"", ""sub107"", ""sub108"", ""sub110"", ""sub111"", ""sub112"", ""sub113"", ""sub115"", ""sub116"", ""sub117"", ""sub119"", ""sub120"", ""sub122""]","[""sub006"", ""sub007"", ""sub021"", ""sub054"", ""sub071"", ""sub075"", ""sub088"", ""sub104"", ""sub109"", ""sub114"", ""sub118"", ""sub121""]","sub003","single processed collection","sorted subject IDs; per-target NumPy SeedSequence([seed, fold_index]); permute remaining source IDs; first ceil(validation_fraction*N_source) are validation","20261001"
"FACED","emotion","sub004","[""sub000"", ""sub001"", ""sub002"", ""sub003"", ""sub005"", ""sub007"", ""sub008"", ""sub009"", ""sub010"", ""sub011"", ""sub012"", ""sub013"", ""sub014"", ""sub015"", ""sub016"", ""sub017"", ""sub018"", ""sub019"", ""sub020"", ""sub021"", ""sub022"", ""sub024"", ""sub025"", ""sub026"", ""sub027"", ""sub028"", ""sub029"", ""sub030"", ""sub031"", ""sub032"", ""sub033"", ""sub034"", ""sub035"", ""sub036"", ""sub037"", ""sub039"", ""sub040"", ""sub041"", ""sub042"", ""sub043"", ""sub044"", ""sub045"", ""sub046"", ""sub047"", ""sub048"", ""sub049"", ""sub050"", ""sub051"", ""sub052"", ""sub053"", ""sub054"", ""sub055"", ""sub056"", ""sub057"", ""sub058"", ""sub059"", ""sub060"", ""sub061"", ""sub062"", ""sub063"", ""sub065"", ""sub066"", ""sub068"", ""sub069"", ""sub070"", ""sub072"", ""sub073"", ""sub074"", ""sub075"", ""sub076"", ""sub078"", ""sub079"", ""sub080"", ""sub081"", ""sub083"", ""sub084"", ""sub085"", ""sub086"", ""sub087"", ""sub088"", ""sub089"", ""sub090"", ""sub091"", ""sub092"", ""sub093"", ""sub094"", ""sub095"", ""sub096"", ""sub097"", ""sub098"", ""sub099"", ""sub100"", ""sub101"", ""sub102"", ""sub103"", ""sub104"", ""sub106"", ""sub108"", ""sub109"", ""sub110"", ""sub111"", ""sub112"", ""sub113"", ""sub114"", ""sub116"", ""sub118"", ""sub119"", ""sub120"", ""sub121"", ""sub122""]","[""sub006"", ""sub023"", ""sub038"", ""sub064"", ""sub067"", ""sub071"", ""sub077"", ""sub082"", ""sub105"", ""sub107"", ""sub115"", ""sub117""]","sub004","single processed collection","sorted subject IDs; per-target NumPy SeedSequence([seed, fold_index]); permute remaining source IDs; first ceil(validation_fraction*N_source) are validation","20261001"
"FACED","emotion","sub005","[""sub000"", ""sub001"", ""sub002"", ""sub003"", ""sub004"", ""sub006"", ""sub007"", ""sub008"", ""sub009"", ""sub010"", ""sub011"", ""sub012"", ""sub013"", ""sub014"", ""sub015"", ""sub016"", ""sub017"", ""sub018"", ""sub019"", ""sub020"", ""sub021"", ""sub022"", ""sub023"", ""sub024"", ""sub025"", ""sub027"", ""sub028"", ""sub029"", ""sub030"", ""sub031"", ""sub032"", ""sub033"", ""sub034"", ""sub035"", ""sub036"", ""sub037"", ""sub038"", ""sub039"", ""sub040"", ""sub041"", ""sub042"", ""sub043"", ""sub044"", ""sub045"", ""sub047"", ""sub048"", ""sub049"", ""sub051"", ""sub052"", ""sub054"", ""sub055"", ""sub056"", ""sub057"", ""sub059"", ""sub060"", ""sub061"", ""sub062"", ""sub063"", ""sub064"", ""sub065"", ""sub067"", ""sub068"", ""sub069"", ""sub070"", ""sub071"", ""sub073"", ""sub074"", ""sub075"", ""sub076"", ""sub077"", ""sub078"", ""sub079"", ""sub080"", ""sub081"", ""sub082"", ""sub083"", ""sub085"", ""sub086"", ""sub087"", ""sub088"", ""sub089"", ""sub090"", ""sub091"", ""sub092"", ""sub093"", ""sub094"", ""sub098"", ""sub099"", ""sub100"", ""sub101"", ""sub102"", ""sub103"", ""sub104"", ""sub105"", ""sub106"", ""sub107"", ""sub108"", ""sub109"", ""sub110"", ""sub111"", ""sub113"", ""sub114"", ""sub115"", ""sub116"", ""sub117"", ""sub118"", ""sub119"", ""sub120"", ""sub121"", ""sub122""]","[""sub026"", ""sub046"", ""sub050"", ""sub053"", ""sub058"", ""sub066"", ""sub072"", ""sub084"", ""sub095"", ""sub096"", ""sub097"", ""sub112""]","sub005","single processed collection","sorted subject IDs; per-target NumPy SeedSequence([seed, fold_index]); permute remaining source IDs; first ceil(validation_fraction*N_source) are validation","20261001"
"FACED","emotion","sub006","[""sub000"", ""sub001"", ""sub002"", ""sub003"", ""sub004"", ""sub005"", ""sub007"", ""sub008"", ""sub009"", ""sub010"", ""sub011"", ""sub012"", ""sub014"", ""sub016"", ""sub017"", ""sub019"", ""sub021"", ""sub022"", ""sub023"", ""sub024"", ""sub025"", ""sub026"", ""sub027"", ""sub028"", ""sub029"", ""sub030"", ""sub031"", ""sub032"", ""sub033"", ""sub034"", ""sub035"", ""sub036"", ""sub037"", ""sub038"", ""sub039"", ""sub040"", ""sub041"", ""sub042"", ""sub043"", ""sub044"", ""sub045"", ""sub046"", ""sub047"", ""sub048"", ""sub049"", ""sub050"", ""sub051"", ""sub052"", ""sub053"", ""sub054"", ""sub055"", ""sub056"", ""sub057"", ""sub058"", ""sub060"", ""sub061"", ""sub062"", ""sub064"", ""sub065"", ""sub066"", ""sub067"", ""sub068"", ""sub069"", ""sub070"", ""sub071"", ""sub072"", ""sub073"", ""sub074"", ""sub075"", ""sub076"", ""sub077"", ""sub078"", ""sub080"", ""sub081"", ""sub082"", ""sub083"", ""sub085"", ""sub086"", ""sub087"", ""sub088"", ""sub091"", ""sub092"", ""sub093"", ""sub094"", ""sub095"", ""sub096"", ""sub097"", ""sub098"", ""sub099"", ""sub100"", ""sub101"", ""sub102"", ""sub103"", ""sub104"", ""sub105"", ""sub106"", ""sub107"", ""sub108"", ""sub109"", ""sub110"", ""sub111"", ""sub113"", ""sub114"", ""sub115"", ""sub116"", ""sub117"", ""sub118"", ""sub120"", ""sub121"", ""sub122""]","[""sub013"", ""sub015"", ""sub018"", ""sub020"", ""sub059"", ""sub063"", ""sub079"", ""sub084"", ""sub089"", ""sub090"", ""sub112"", ""sub119""]","sub006","single processed collection","sorted subject IDs; per-target NumPy SeedSequence([seed, fold_index]); permute remaining source IDs; first ceil(validation_fraction*N_source) are validation","20261001"
"FACED","emotion","sub007","[""sub000"", ""sub001"", ""sub003"", ""sub004"", ""sub005"", ""sub006"", ""sub008"", ""sub009"", ""sub010"", ""sub011"", ""sub012"", ""sub013"", ""sub014"", ""sub015"", ""sub016"", ""sub017"", ""sub019"", ""sub020"", ""sub021"", ""sub022"", ""sub023"", ""sub024"", ""sub025"", ""sub026"", ""sub027"", ""sub028"", ""sub030"", ""sub033"", ""sub034"", ""sub035"", ""sub037"", ""sub038"", ""sub039"", ""sub040"", ""sub041"", ""sub042"", ""sub043"", ""sub044"", ""sub045"", ""sub046"", ""sub048"", ""sub049"", ""sub050"", ""sub051"", ""sub052"", ""sub053"", ""sub056"", ""sub057"", ""sub058"", ""sub059"", ""sub060"", ""sub061"", ""sub062"", ""sub063"", ""sub064"", ""sub065"", ""sub066"", ""sub067"", ""sub068"", ""sub070"", ""sub071"", ""sub072"", ""sub073"", ""sub074"", ""sub075"", ""sub076"", ""sub077"", ""sub078"", ""sub079"", ""sub080"", ""sub081"", ""sub082"", ""sub083"", ""sub084"", ""sub085"", ""sub086"", ""sub087"", ""sub088"", ""sub090"", ""sub091"", ""sub092"", ""sub093"", ""sub094"", ""sub095"", ""sub096"", ""sub097"", ""sub098"", ""sub099"", ""sub100"", ""sub101"", ""sub102"", ""sub103"", ""sub104"", ""sub105"", ""sub106"", ""sub108"", ""sub109"", ""sub110"", ""sub111"", ""sub112"", ""sub113"", ""sub114"", ""sub115"", ""sub116"", ""sub117"", ""sub118"", ""sub119"", ""sub120"", ""sub121"", ""sub122""]","[""sub002"", ""sub018"", ""sub029"", ""sub031"", ""sub032"", ""sub036"", ""sub047"", ""sub054"", ""sub055"", ""sub069"", ""sub089"", ""sub107""]","sub007","single processed collection","sorted subject IDs; per-target NumPy SeedSequence([seed, fold_index]); permute remaining source IDs; first ceil(validation_fraction*N_source) are validation","20261001"
"FACED","emotion","sub008","[""sub000"", ""sub002"", ""sub003"", ""sub004"", ""sub005"", ""sub006"", ""sub007"", ""sub009"", ""sub010"", ""sub011"", ""sub012"", ""sub013"", ""sub015"", ""sub016"", ""sub017"", ""sub018"", ""sub019"", ""sub021"", ""sub022"", ""sub023"", ""sub024"", ""sub025"", ""sub026"", ""sub027"", ""sub028"", ""sub029"", ""sub031"", ""sub032"", ""sub033"", ""sub034"", ""sub035"", ""sub036"", ""sub037"", ""sub038"", ""sub039"", ""sub040"", ""sub041"", ""sub042"", ""sub043"", ""sub044"", ""sub045"", ""sub046"", ""sub047"", ""sub048"", ""sub049"", ""sub050"", ""sub052"", ""sub053"", ""sub054"", ""sub055"", ""sub056"", ""sub057"", ""sub058"", ""sub059"", ""sub060"", ""sub061"", ""sub062"", ""sub064"", ""sub065"", ""sub066"", ""sub067"", ""sub068"", ""sub070"", ""sub071"", ""sub072"", ""sub073"", ""sub074"", ""sub075"", ""sub076"", ""sub077"", ""sub078"", ""sub080"", ""sub082"", ""sub083"", ""sub084"", ""sub085"", ""sub086"", ""sub087"", ""sub088"", ""sub089"", ""sub090"", ""sub091"", ""sub092"", ""sub093"", ""sub094"", ""sub095"", ""sub096"", ""sub097"", ""sub098"", ""sub099"", ""sub100"", ""sub101"", ""sub102"", ""sub103"", ""sub104"", ""sub105"", ""sub107"", ""sub108"", ""sub109"", ""sub110"", ""sub111"", ""sub113"", ""sub114"", ""sub115"", ""sub116"", ""sub117"", ""sub118"", ""sub119"", ""sub120"", ""sub121""]","[""sub001"", ""sub014"", ""sub020"", ""sub030"", ""sub051"", ""sub063"", ""sub069"", ""sub079"", ""sub081"", ""sub106"", ""sub112"", ""sub122""]","sub008","single processed collection","sorted subject IDs; per-target NumPy SeedSequence([seed, fold_index]); permute remaining source IDs; first ceil(validation_fraction*N_source) are validation","20261001"
"FACED","emotion","sub009","[""sub000"", ""sub001"", ""sub002"", ""sub004"", ""sub006"", ""sub007"", ""sub010"", ""sub012"", ""sub013"", ""sub014"", ""sub015"", ""sub017"", ""sub018"", ""sub019"", ""sub020"", ""sub021"", ""sub022"", ""sub023"", ""sub024"", ""sub025"", ""sub026"", ""sub027"", ""sub028"", ""sub029"", ""sub030"", ""sub031"", ""sub032"", ""sub033"", ""sub034"", ""sub035"", ""sub036"", ""sub037"", ""sub039"", ""sub040"", ""sub041"", ""sub042"", ""sub043"", ""sub044"", ""sub045"", ""sub046"", ""sub047"", ""sub048"", ""sub049"", ""sub050"", ""sub051"", ""sub052"", ""sub053"", ""sub054"", ""sub055"", ""sub056"", ""sub057"", ""sub058"", ""sub059"", ""sub060"", ""sub061"", ""sub062"", ""sub063"", ""sub064"", ""sub065"", ""sub066"", ""sub067"", ""sub068"", ""sub069"", ""sub071"", ""sub073"", ""sub074"", ""sub075"", ""sub076"", ""sub077"", ""sub078"", ""sub079"", ""sub080"", ""sub081"", ""sub083"", ""sub084"", ""sub085"", ""sub086"", ""sub087"", ""sub089"", ""sub090"", ""sub091"", ""sub093"", ""sub094"", ""sub095"", ""sub096"", ""sub097"", ""sub098"", ""sub099"", ""sub100"", ""sub101"", ""sub102"", ""sub103"", ""sub104"", ""sub105"", ""sub106"", ""sub107"", ""sub108"", ""sub109"", ""sub111"", ""sub112"", ""sub113"", ""sub114"", ""sub115"", ""sub116"", ""sub117"", ""sub118"", ""sub119"", ""sub120"", ""sub121"", ""sub122""]","[""sub003"", ""sub005"", ""sub008"", ""sub011"", ""sub016"", ""sub038"", ""sub070"", ""sub072"", ""sub082"", ""sub088"", ""sub092"", ""sub110""]","sub009","single processed collection","sorted subject IDs; per-target NumPy SeedSequence([seed, fold_index]); permute remaining source IDs; first ceil(validation_fraction*N_source) are validation","20261001"
"FACED","emotion","sub010","[""sub000"", ""sub001"", ""sub003"", ""sub004"", ""sub005"", ""sub006"", ""sub007"", ""sub008"", ""sub009"", ""sub011"", ""sub012"", ""sub013"", ""sub014"", ""sub015"", ""sub016"", ""sub017"", ""sub018"", ""sub019"", ""sub020"", ""sub021"", ""sub022"", ""sub023"", ""sub024"", ""sub025"", ""sub026"", ""sub028"", ""sub029"", ""sub030"", ""sub031"", ""sub032"", ""sub033"", ""sub034"", ""sub035"", ""sub036"", ""sub039"", ""sub040"", ""sub041"", ""sub042"", ""sub043"", ""sub044"", ""sub045"", ""sub047"", ""sub048"", ""sub049"", ""sub050"", ""sub051"", ""sub052"", ""sub053"", ""sub054"", ""sub055"", ""sub057"", ""sub058"", ""sub059"", ""sub060"", ""sub061"", ""sub062"", ""sub063"", ""sub064"", ""sub066"", ""sub067"", ""sub068"", ""sub069"", ""sub070"", ""sub071"", ""sub072"", ""sub073"", ""sub074"", ""sub075"", ""sub076"", ""sub077"", ""sub078"", ""sub079"", ""sub080"", ""sub081"", ""sub082"", ""sub083"", ""sub084"", ""sub085"", ""sub086"", ""sub087"", ""sub088"", ""sub089"", ""sub090"", ""sub091"", ""sub092"", ""sub093"", ""sub095"", ""sub096"", ""sub097"", ""sub098"", ""sub099"", ""sub100"", ""sub101"", ""sub102"", ""sub103"", ""sub104"", ""sub105"", ""sub106"", ""sub107"", ""sub108"", ""sub109"", ""sub110"", ""sub111"", ""sub115"", ""sub117"", ""sub118"", ""sub119"", ""sub120"", ""sub121"", ""sub122""]","[""sub002"", ""sub027"", ""sub037"", ""sub038"", ""sub046"", ""sub056"", ""sub065"", ""sub094"", ""sub112"", ""sub113"", ""sub114"", ""sub116""]","sub010","single processed collection","sorted subject IDs; per-target NumPy SeedSequence([seed, fold_index]); permute remaining source IDs; first ceil(validation_fraction*N_source) are validation","20261001"
"FACED","emotion","sub011","[""sub000"", ""sub001"", ""sub003"", ""sub004"", ""sub005"", ""sub006"", ""sub007"", ""sub008"", ""sub009"", ""sub010"", ""sub012"", ""sub013"", ""sub014"", ""sub015"", ""sub016"", ""sub017"", ""sub018"", ""sub019"", ""sub020"", ""sub022"", ""sub023"", ""sub024"", ""sub025"", ""sub026"", ""sub027"", ""sub028"", ""sub029"", ""sub030"", ""sub031"", ""sub032"", ""sub033"", ""sub034"", ""sub035"", ""sub036"", ""sub037"", ""sub038"", ""sub039"", ""sub041"", ""sub042"", ""sub043"", ""sub044"", ""sub046"", ""sub047"", ""sub048"", ""sub049"", ""sub050"", ""sub051"", ""sub052"", ""sub053"", ""sub054"", ""sub055"", ""sub056"", ""sub057"", ""sub058"", ""sub059"", ""sub060"", ""sub061"", ""sub062"", ""sub063"", ""sub065"", ""sub066"", ""sub067"", ""sub068"", ""sub069"", ""sub070"", ""sub071"", ""sub072"", ""sub073"", ""sub074"", ""sub075"", ""sub077"", ""sub079"", ""sub080"", ""sub081"", ""sub082"", ""sub083"", ""sub085"", ""sub087"", ""sub088"", ""sub089"", ""sub090"", ""sub091"", ""sub092"", ""sub093"", ""sub094"", ""sub095"", ""sub096"", ""sub098"", ""sub099"", ""sub100"", ""sub101"", ""sub102"", ""sub103"", ""sub104"", ""sub105"", ""sub106"", ""sub107"", ""sub108"", ""sub109"", ""sub110"", ""sub111"", ""sub112"", ""sub114"", ""sub115"", ""sub116"", ""sub117"", ""sub118"", ""sub119"", ""sub120"", ""sub122""]","[""sub002"", ""sub021"", ""sub040"", ""sub045"", ""sub064"", ""sub076"", ""sub078"", ""sub084"", ""sub086"", ""sub097"", ""sub113"", ""sub121""]","sub011","single processed collection","sorted subject IDs; per-target NumPy SeedSequence([seed, fold_index]); permute remaining source IDs; first ceil(validation_fraction*N_source) are validation","20261001"
"FACED","emotion","sub012","[""sub000"", ""sub001"", ""sub003"", ""sub004"", ""sub005"", ""sub006"", ""sub007"", ""sub008"", ""sub009"", ""sub010"", ""sub011"", ""sub014"", ""sub016"", ""sub017"", ""sub018"", ""sub019"", ""sub020"", ""sub021"", ""sub022"", ""sub023"", ""sub024"", ""sub025"", ""sub027"", ""sub028"", ""sub029"", ""sub030"", ""sub031"", ""sub032"", ""sub033"", ""sub034"", ""sub035"", ""sub036"", ""sub037"", ""sub038"", ""sub039"", ""sub040"", ""sub041"", ""sub042"", ""sub043"", ""sub044"", ""sub046"", ""sub047"", ""sub048"", ""sub049"", ""sub050"", ""sub051"", ""sub052"", ""sub053"", ""sub054"", ""sub055"", ""sub058"", ""sub059"", ""sub060"", ""sub061"", ""sub062"", ""sub063"", ""sub065"", ""sub066"", ""sub068"", ""sub069"", ""sub070"", ""sub071"", ""sub073"", ""sub074"", ""sub075"", ""sub076"", ""sub077"", ""sub078"", ""sub079"", ""sub080"", ""sub081"", ""sub082"", ""sub083"", ""sub084"", ""sub085"", ""sub086"", ""sub087"", ""sub088"", ""sub089"", ""sub090"", ""sub091"", ""sub092"", ""sub093"", ""sub095"", ""sub096"", ""sub097"", ""sub098"", ""sub099"", ""sub100"", ""sub101"", ""sub102"", ""sub103"", ""sub104"", ""sub105"", ""sub106"", ""sub107"", ""sub108"", ""sub109"", ""sub110"", ""sub112"", ""sub113"", ""sub114"", ""sub115"", ""sub116"", ""sub117"", ""sub118"", ""sub119"", ""sub120"", ""sub121"", ""sub122""]","[""sub002"", ""sub013"", ""sub015"", ""sub026"", ""sub045"", ""sub056"", ""sub057"", ""sub064"", ""sub067"", ""sub072"", ""sub094"", ""sub111""]","sub012","single processed collection","sorted subject IDs; per-target NumPy SeedSequence([seed, fold_index]); permute remaining source IDs; first ceil(validation_fraction*N_source) are validation","20261001"
"FACED","emotion","sub013","[""sub000"", ""sub001"", ""sub002"", ""sub003"", ""sub004"", ""sub005"", ""sub006"", ""sub007"", ""sub008"", ""sub010"", ""sub011"", ""sub012"", ""sub014"", ""sub016"", ""sub017"", ""sub018"", ""sub019"", ""sub020"", ""sub021"", ""sub022"", ""sub023"", ""sub024"", ""sub025"", ""sub026"", ""sub027"", ""sub028"", ""sub029"", ""sub030"", ""sub032"", ""sub033"", ""sub035"", ""sub036"", ""sub037"", ""sub038"", ""sub039"", ""sub040"", ""sub042"", ""sub043"", ""sub044"", ""sub045"", ""sub046"", ""sub047"", ""sub048"", ""sub049"", ""sub050"", ""sub051"", ""sub052"", ""sub053"", ""sub054"", ""sub055"", ""sub056"", ""sub057"", ""sub058"", ""sub059"", ""sub060"", ""sub061"", ""sub062"", ""sub064"", ""sub065"", ""sub066"", ""sub067"", ""sub068"", ""sub069"", ""sub070"", ""sub071"", ""sub072"", ""sub073"", ""sub074"", ""sub075"", ""sub076"", ""sub077"", ""sub078"", ""sub079"", ""sub080"", ""sub081"", ""sub084"", ""sub086"", ""sub087"", ""sub088"", ""sub089"", ""sub090"", ""sub091"", ""sub093"", ""sub094"", ""sub095"", ""sub096"", ""sub097"", ""sub098"", ""sub099"", ""sub100"", ""sub101"", ""sub102"", ""sub103"", ""sub104"", ""sub105"", ""sub106"", ""sub107"", ""sub108"", ""sub110"", ""sub111"", ""sub112"", ""sub114"", ""sub115"", ""sub116"", ""sub117"", ""sub118"", ""sub119"", ""sub120"", ""sub121"", ""sub122""]","[""sub009"", ""sub015"", ""sub031"", ""sub034"", ""sub041"", ""sub063"", ""sub082"", ""sub083"", ""sub085"", ""sub092"", ""sub109"", ""sub113""]","sub013","single processed collection","sorted subject IDs; per-target NumPy SeedSequence([seed, fold_index]); permute remaining source IDs; first ceil(validation_fraction*N_source) are validation","20261001"
"FACED","emotion","sub014","[""sub000"", ""sub001"", ""sub002"", ""sub003"", ""sub004"", ""sub005"", ""sub006"", ""sub007"", ""sub008"", ""sub010"", ""sub011"", ""sub012"", ""sub013"", ""sub015"", ""sub016"", ""sub017"", ""sub018"", ""sub019"", ""sub020"", ""sub021"", ""sub022"", ""sub023"", ""sub024"", ""sub025"", ""sub027"", ""sub028"", ""sub029"", ""sub030"", ""sub031"", ""sub032"", ""sub033"", ""sub034"", ""sub035"", ""sub036"", ""sub038"", ""sub039"", ""sub040"", ""sub041"", ""sub042"", ""sub043"", ""sub044"", ""sub046"", ""sub047"", ""sub048"", ""sub049"", ""sub050"", ""sub051"", ""sub052"", ""sub053"", ""sub054"", ""sub055"", ""sub056"", ""sub057"", ""sub058"", ""sub059"", ""sub061"", ""sub062"", ""sub063"", ""sub064"", ""sub065"", ""sub066"", ""sub067"", ""sub068"", ""sub069"", ""sub070"", ""sub071"", ""sub072"", ""sub073"", ""sub074"", ""sub075"", ""sub076"", ""sub077"", ""sub078"", ""sub079"", ""sub081"", ""sub082"", ""sub084"", ""sub086"", ""sub087"", ""sub088"", ""sub089"", ""sub090"", ""sub091"", ""sub092"", ""sub093"", ""sub094"", ""sub096"", ""sub097"", ""sub098"", ""sub099"", ""sub100"", ""sub101"", ""sub102"", ""sub103"", ""sub104"", ""sub105"", ""sub106"", ""sub107"", ""sub110"", ""sub111"", ""sub112"", ""sub113"", ""sub114"", ""sub115"", ""sub116"", ""sub117"", ""sub118"", ""sub119"", ""sub120"", ""sub122""]","[""sub009"", ""sub026"", ""sub037"", ""sub045"", ""sub060"", ""sub080"", ""sub083"", ""sub085"", ""sub095"", ""sub108"", ""sub109"", ""sub121""]","sub014","single processed collection","sorted subject IDs; per-target NumPy SeedSequence([seed, fold_index]); permute remaining source IDs; first ceil(validation_fraction*N_source) are validation","20261001"
"FACED","emotion","sub015","[""sub000"", ""sub001"", ""sub002"", ""sub004"", ""sub005"", ""sub006"", ""sub007"", ""sub008"", ""sub010"", ""sub011"", ""sub012"", ""sub013"", ""sub014"", ""sub016"", ""sub017"", ""sub018"", ""sub019"", ""sub020"", ""sub021"", ""sub022"", ""sub023"", ""sub024"", ""sub025"", ""sub026"", ""sub027"", ""sub028"", ""sub029"", ""sub030"", ""sub031"", ""sub032"", ""sub033"", ""sub035"", ""sub036"", ""sub037"", ""sub038"", ""sub039"", ""sub041"", ""sub042"", ""sub043"", ""sub044"", ""sub045"", ""sub046"", ""sub047"", ""sub048"", ""sub050"", ""sub051"", ""sub052"", ""sub053"", ""sub054"", ""sub055"", ""sub056"", ""sub057"", ""sub058"", ""sub060"", ""sub061"", ""sub062"", ""sub063"", ""sub064"", ""sub065"", ""sub066"", ""sub067"", ""sub068"", ""sub069"", ""sub070"", ""sub071"", ""sub072"", ""sub073"", ""sub074"", ""sub075"", ""sub076"", ""sub078"", ""sub079"", ""sub080"", ""sub081"", ""sub082"", ""sub083"", ""sub084"", ""sub085"", ""sub086"", ""sub088"", ""sub089"", ""sub090"", ""sub091"", ""sub092"", ""sub093"", ""sub094"", ""sub095"", ""sub096"", ""sub098"", ""sub099"", ""sub101"", ""sub102"", ""sub103"", ""sub104"", ""sub105"", ""sub106"", ""sub108"", ""sub109"", ""sub110"", ""sub111"", ""sub112"", ""sub113"", ""sub114"", ""sub115"", ""sub116"", ""sub117"", ""sub118"", ""sub120"", ""sub121"", ""sub122""]","[""sub003"", ""sub009"", ""sub034"", ""sub040"", ""sub049"", ""sub059"", ""sub077"", ""sub087"", ""sub097"", ""sub100"", ""sub107"", ""sub119""]","sub015","single processed collection","sorted subject IDs; per-target NumPy SeedSequence([seed, fold_index]); permute remaining source IDs; first ceil(validation_fraction*N_source) are validation","20261001"
"FACED","emotion","sub016","[""sub000"", ""sub001"", ""sub002"", ""sub003"", ""sub004"", ""sub005"", ""sub006"", ""sub007"", ""sub008"", ""sub009"", ""sub010"", ""sub011"", ""sub012"", ""sub013"", ""sub014"", ""sub015"", ""sub017"", ""sub019"", ""sub020"", ""sub021"", ""sub022"", ""sub023"", ""sub025"", ""sub026"", ""sub027"", ""sub028"", ""sub029"", ""sub030"", ""sub031"", ""sub032"", ""sub033"", ""sub034"", ""sub035"", ""sub036"", ""sub037"", ""sub038"", ""sub039"", ""sub040"", ""sub041"", ""sub042"", ""sub043"", ""sub044"", ""sub046"", ""sub047"", ""sub048"", ""sub049"", ""sub050"", ""sub051"", ""sub053"", ""sub054"", ""sub055"", ""sub056"", ""sub057"", ""sub058"", ""sub059"", ""sub061"", ""sub062"", ""sub063"", ""sub064"", ""sub065"", ""sub066"", ""sub067"", ""sub068"", ""sub069"", ""sub070"", ""sub071"", ""sub072"", ""sub074"", ""sub075"", ""sub076"", ""sub077"", ""sub078"", ""sub079"", ""sub080"", ""sub081"", ""sub083"", ""sub085"", ""sub086"", ""sub087"", ""sub088"", ""sub091"", ""sub092"", ""sub093"", ""sub094"", ""sub095"", ""sub096"", ""sub097"", ""sub098"", ""sub099"", ""sub101"", ""sub102"", ""sub103"", ""sub104"", ""sub105"", ""sub106"", ""sub107"", ""sub108"", ""sub109"", ""sub110"", ""sub111"", ""sub112"", ""sub114"", ""sub115"", ""sub116"", ""sub117"", ""sub118"", ""sub119"", ""sub120"", ""sub121"", ""sub122""]","[""sub018"", ""sub024"", ""sub045"", ""sub052"", ""sub060"", ""sub073"", ""sub082"", ""sub084"", ""sub089"", ""sub090"", ""sub100"", ""sub113""]","sub016","single processed collection","sorted subject IDs; per-target NumPy SeedSequence([seed, fold_index]); permute remaining source IDs; first ceil(validation_fraction*N_source) are validation","20261001"
"FACED","emotion","sub017","[""sub000"", ""sub001"", ""sub002"", ""sub003"", ""sub004"", ""sub005"", ""sub007"", ""sub008"", ""sub009"", ""sub010"", ""sub011"", ""sub012"", ""sub013"", ""sub014"", ""sub015"", ""sub016"", ""sub018"", ""sub019"", ""sub020"", ""sub021"", ""sub023"", ""sub024"", ""sub025"", ""sub026"", ""sub027"", ""sub028"", ""sub029"", ""sub030"", ""sub031"", ""sub032"", ""sub033"", ""sub034"", ""sub035"", ""sub036"", ""sub037"", ""sub038"", ""sub039"", ""sub042"", ""sub043"", ""sub044"", ""sub045"", ""sub046"", ""sub047"", ""sub048"", ""sub049"", ""sub050"", ""sub051"", ""sub053"", ""sub054"", ""sub056"", ""sub057"", ""sub058"", ""sub059"", ""sub060"", ""sub061"", ""sub062"", ""sub063"", ""sub064"", ""sub065"", ""sub066"", ""sub068"", ""sub069"", ""sub070"", ""sub071"", ""sub072"", ""sub073"", ""sub074"", ""sub075"", ""sub076"", ""sub077"", ""sub079"", ""sub080"", ""sub081"", ""sub082"", ""sub083"", ""sub084"", ""sub085"", ""sub086"", ""sub087"", ""sub088"", ""sub089"", ""sub090"", ""sub091"", ""sub092"", ""sub093"", ""sub094"", ""sub095"", ""sub096"", ""sub097"", ""sub098"", ""sub099"", ""sub100"", ""sub101"", ""sub102"", ""sub103"", ""sub104"", ""sub105"", ""sub106"", ""sub107"", ""sub109"", ""sub110"", ""sub111"", ""sub112"", ""sub113"", ""sub115"", ""sub116"", ""sub119"", ""sub120"", ""sub121"", ""sub122""]","[""sub006"", ""sub022"", ""sub040"", ""sub041"", ""sub052"", ""sub055"", ""sub067"", ""sub078"", ""sub108"", ""sub114"", ""sub117"", ""sub118""]","sub017","single processed collection","sorted subject IDs; per-target NumPy SeedSequence([seed, fold_index]); permute remaining source IDs; first ceil(validation_fraction*N_source) are validation","20261001"
"FACED","emotion","sub018","[""sub000"", ""sub001"", ""sub002"", ""sub004"", ""sub005"", ""sub006"", ""sub007"", ""sub008"", ""sub009"", ""sub010"", ""sub011"", ""sub012"", ""sub013"", ""sub014"", ""sub015"", ""sub016"", ""sub017"", ""sub020"", ""sub021"", ""sub023"", ""sub024"", ""sub025"", ""sub026"", ""sub027"", ""sub028"", ""sub029"", ""sub030"", ""sub031"", ""sub032"", ""sub033"", ""sub034"", ""sub035"", ""sub036"", ""sub038"", ""sub039"", ""sub040"", ""sub041"", ""sub042"", ""sub044"", ""sub045"", ""sub046"", ""sub049"", ""sub050"", ""sub051"", ""sub052"", ""sub053"", ""sub054"", ""sub055"", ""sub056"", ""sub057"", ""sub058"", ""sub059"", ""sub060"", ""sub061"", ""sub062"", ""sub063"", ""sub064"", ""sub065"", ""sub066"", ""sub067"", ""sub068"", ""sub069"", ""sub071"", ""sub072"", ""sub073"", ""sub074"", ""sub075"", ""sub076"", ""sub077"", ""sub078"", ""sub079"", ""sub081"", ""sub082"", ""sub083"", ""sub084"", ""sub085"", ""sub086"", ""sub087"", ""sub088"", ""sub089"", ""sub090"", ""sub091"", ""sub092"", ""sub093"", ""sub094"", ""sub095"", ""sub096"", ""sub097"", ""sub098"", ""sub099"", ""sub100"", ""sub101"", ""sub103"", ""sub104"", ""sub105"", ""sub106"", ""sub107"", ""sub108"", ""sub109"", ""sub110"", ""sub112"", ""sub113"", ""sub114"", ""sub115"", ""sub116"", ""sub117"", ""sub118"", ""sub119"", ""sub121"", ""sub122""]","[""sub003"", ""sub019"", ""sub022"", ""sub037"", ""sub043"", ""sub047"", ""sub048"", ""sub070"", ""sub080"", ""sub102"", ""sub111"", ""sub120""]","sub018","single processed collection","sorted subject IDs; per-target NumPy SeedSequence([seed, fold_index]); permute remaining source IDs; first ceil(validation_fraction*N_source) are validation","20261001"
"FACED","emotion","sub019","[""sub000"", ""sub001"", ""sub002"", ""sub003"", ""sub004"", ""sub005"", ""sub006"", ""sub007"", ""sub008"", ""sub009"", ""sub010"", ""sub011"", ""sub012"", ""sub013"", ""sub014"", ""sub016"", ""sub017"", ""sub018"", ""sub020"", ""sub021"", ""sub022"", ""sub023"", ""sub024"", ""sub025"", ""sub027"", ""sub028"", ""sub029"", ""sub030"", ""sub031"", ""sub032"", ""sub033"", ""sub034"", ""sub036"", ""sub037"", ""sub038"", ""sub039"", ""sub040"", ""sub041"", ""sub042"", ""sub043"", ""sub044"", ""sub045"", ""sub046"", ""sub047"", ""sub049"", ""sub050"", ""sub051"", ""sub052"", ""sub053"", ""sub054"", ""sub055"", ""sub056"", ""sub057"", ""sub059"", ""sub060"", ""sub061"", ""sub062"", ""sub063"", ""sub064"", ""sub065"", ""sub068"", ""sub069"", ""sub070"", ""sub071"", ""sub072"", ""sub073"", ""sub074"", ""sub075"", ""sub076"", ""sub077"", ""sub078"", ""sub079"", ""sub080"", ""sub081"", ""sub082"", ""sub083"", ""sub084"", ""sub085"", ""sub086"", ""sub087"", ""sub088"", ""sub089"", ""sub090"", ""sub091"", ""sub092"", ""sub093"", ""sub094"", ""sub095"", ""sub096"", ""sub097"", ""sub098"", ""sub099"", ""sub101"", ""sub104"", ""sub105"", ""sub106"", ""sub107"", ""sub108"", ""sub109"", ""sub110"", ""sub112"", ""sub113"", ""sub114"", ""sub115"", ""sub117"", ""sub118"", ""sub119"", ""sub120"", ""sub121"", ""sub122""]","[""sub015"", ""sub026"", ""sub035"", ""sub048"", ""sub058"", ""sub066"", ""sub067"", ""sub100"", ""sub102"", ""sub103"", ""sub111"", ""sub116""]","sub019","single processed collection","sorted subject IDs; per-target NumPy SeedSequence([seed, fold_index]); permute remaining source IDs; first ceil(validation_fraction*N_source) are validation","20261001"
"FACED","emotion","sub020","[""sub000"", ""sub002"", ""sub003"", ""sub004"", ""sub005"", ""sub006"", ""sub007"", ""sub009"", ""sub010"", ""sub011"", ""sub012"", ""sub013"", ""sub014"", ""sub015"", ""sub016"", ""sub017"", ""sub018"", ""sub019"", ""sub021"", ""sub022"", ""sub023"", ""sub025"", ""sub026"", ""sub027"", ""sub028"", ""sub029"", ""sub030"", ""sub031"", ""sub032"", ""sub033"", ""sub034"", ""sub035"", ""sub036"", ""sub037"", ""sub038"", ""sub039"", ""sub040"", ""sub041"", ""sub043"", ""sub044"", ""sub045"", ""sub046"", ""sub047"", ""sub049"", ""sub050"", ""sub051"", ""sub052"", ""sub053"", ""sub055"", ""sub056"", ""sub057"", ""sub058"", ""sub059"", ""sub061"", ""sub062"", ""sub063"", ""sub064"", ""sub065"", ""sub066"", ""sub067"", ""sub068"", ""sub069"", ""sub070"", ""sub071"", ""sub072"", ""sub073"", ""sub074"", ""sub075"", ""sub077"", ""sub078"", ""sub079"", ""sub080"", ""sub081"", ""sub083"", ""sub084"", ""sub085"", ""sub086"", ""sub087"", ""sub088"", ""sub089"", ""sub090"", ""sub091"", ""sub092"", ""sub093"", ""sub094"", ""sub095"", ""sub097"", ""sub098"", ""sub100"", ""sub101"", ""sub102"", ""sub103"", ""sub104"", ""sub105"", ""sub106"", ""sub107"", ""sub108"", ""sub109"", ""sub110"", ""sub111"", ""sub112"", ""sub113"", ""sub114"", ""sub115"", ""sub116"", ""sub118"", ""sub119"", ""sub120"", ""sub121"", ""sub122""]","[""sub001"", ""sub008"", ""sub024"", ""sub042"", ""sub048"", ""sub054"", ""sub060"", ""sub076"", ""sub082"", ""sub096"", ""sub099"", ""sub117""]","sub020","single processed collection","sorted subject IDs; per-target NumPy SeedSequence([seed, fold_index]); permute remaining source IDs; first ceil(validation_fraction*N_source) are validation","20261001"
"FACED","emotion","sub021","[""sub000"", ""sub001"", ""sub002"", ""sub003"", ""sub004"", ""sub005"", ""sub006"", ""sub007"", ""sub008"", ""sub009"", ""sub010"", ""sub011"", ""sub012"", ""sub013"", ""sub014"", ""sub015"", ""sub016"", ""sub017"", ""sub018"", ""sub019"", ""sub020"", ""sub022"", ""sub023"", ""sub024"", ""sub025"", ""sub026"", ""sub027"", ""sub028"", ""sub029"", ""sub030"", ""sub031"", ""sub032"", ""sub033"", ""sub034"", ""sub035"", ""sub036"", ""sub037"", ""sub039"", ""sub040"", ""sub041"", ""sub042"", ""sub043"", ""sub044"", ""sub045"", ""sub046"", ""sub047"", ""sub048"", ""sub049"", ""sub051"", ""sub052"", ""sub053"", ""sub054"", ""sub055"", ""sub057"", ""sub058"", ""sub059"", ""sub060"", ""sub061"", ""sub063"", ""sub064"", ""sub065"", ""sub066"", ""sub067"", ""sub068"", ""sub069"", ""sub070"", ""sub071"", ""sub073"", ""sub074"", ""sub075"", ""sub076"", ""sub077"", ""sub078"", ""sub080"", ""sub081"", ""sub082"", ""sub083"", ""sub084"", ""sub085"", ""sub086"", ""sub087"", ""sub088"", ""sub089"", ""sub090"", ""sub091"", ""sub092"", ""sub093"", ""sub094"", ""sub095"", ""sub097"", ""sub098"", ""sub101"", ""sub102"", ""sub103"", ""sub104"", ""sub105"", ""sub106"", ""sub107"", ""sub108"", ""sub109"", ""sub110"", ""sub111"", ""sub114"", ""sub115"", ""sub116"", ""sub117"", ""sub118"", ""sub119"", ""sub120"", ""sub122""]","[""sub038"", ""sub050"", ""sub056"", ""sub062"", ""sub072"", ""sub079"", ""sub096"", ""sub099"", ""sub100"", ""sub112"", ""sub113"", ""sub121""]","sub021","single processed collection","sorted subject IDs; per-target NumPy SeedSequence([seed, fold_index]); permute remaining source IDs; first ceil(validation_fraction*N_source) are validation","20261001"
"FACED","emotion","sub022","[""sub000"", ""sub001"", ""sub002"", ""sub003"", ""sub004"", ""sub005"", ""sub006"", ""sub007"", ""sub008"", ""sub009"", ""sub010"", ""sub011"", ""sub013"", ""sub014"", ""sub015"", ""sub016"", ""sub017"", ""sub018"", ""sub019"", ""sub020"", ""sub021"", ""sub023"", ""sub024"", ""sub025"", ""sub026"", ""sub027"", ""sub028"", ""sub029"", ""sub030"", ""sub032"", ""sub033"", ""sub034"", ""sub035"", ""sub036"", ""sub037"", ""sub038"", ""sub039"", ""sub040"", ""sub041"", ""sub042"", ""sub043"", ""sub044"", ""sub045"", ""sub046"", ""sub047"", ""sub049"", ""sub050"", ""sub052"", ""sub053"", ""sub054"", ""sub055"", ""sub056"", ""sub057"", ""sub058"", ""sub059"", ""sub060"", ""sub061"", ""sub063"", ""sub064"", ""sub065"", ""sub066"", ""sub067"", ""sub068"", ""sub069"", ""sub070"", ""sub071"", ""sub072"", ""sub073"", ""sub074"", ""sub075"", ""sub076"", ""sub077"", ""sub078"", ""sub079"", ""sub080"", ""sub081"", ""sub082"", ""sub085"", ""sub086"", ""sub087"", ""sub089"", ""sub090"", ""sub092"", ""sub093"", ""sub095"", ""sub096"", ""sub097"", ""sub099"", ""sub100"", ""sub101"", ""sub102"", ""sub103"", ""sub104"", ""sub105"", ""sub106"", ""sub107"", ""sub108"", ""sub109"", ""sub110"", ""sub111"", ""sub112"", ""sub113"", ""sub115"", ""sub116"", ""sub117"", ""sub118"", ""sub119"", ""sub120"", ""sub121"", ""sub122""]","[""sub012"", ""sub031"", ""sub048"", ""sub051"", ""sub062"", ""sub083"", ""sub084"", ""sub088"", ""sub091"", ""sub094"", ""sub098"", ""sub114""]","sub022","single processed collection","sorted subject IDs; per-target NumPy SeedSequence([seed, fold_index]); permute remaining source IDs; first ceil(validation_fraction*N_source) are validation","20261001"
"FACED","emotion","sub023","[""sub000"", ""sub001"", ""sub002"", ""sub003"", ""sub004"", ""sub005"", ""sub006"", ""sub007"", ""sub008"", ""sub009"", ""sub010"", ""sub011"", ""sub012"", ""sub013"", ""sub014"", ""sub015"", ""sub016"", ""sub017"", ""sub018"", ""sub019"", ""sub020"", ""sub021"", ""sub022"", ""sub024"", ""sub026"", ""sub027"", ""sub028"", ""sub029"", ""sub030"", ""sub031"", ""sub032"", ""sub034"", ""sub035"", ""sub036"", ""sub037"", ""sub038"", ""sub039"", ""sub040"", ""sub041"", ""sub042"", ""sub043"", ""sub044"", ""sub045"", ""sub047"", ""sub048"", ""sub049"", ""sub050"", ""sub052"", ""sub053"", ""sub055"", ""sub056"", ""sub058"", ""sub059"", ""sub060"", ""sub061"", ""sub062"", ""sub063"", ""sub064"", ""sub065"", ""sub066"", ""sub068"", ""sub069"", ""sub070"", ""sub072"", ""sub073"", ""sub074"", ""sub075"", ""sub076"", ""sub077"", ""sub078"", ""sub079"", ""sub080"", ""sub081"", ""sub082"", ""sub083"", ""sub084"", ""sub085"", ""sub086"", ""sub087"", ""sub088"", ""sub089"", ""sub090"", ""sub091"", ""sub092"", ""sub093"", ""sub094"", ""sub095"", ""sub096"", ""sub097"", ""sub098"", ""sub100"", ""sub102"", ""sub103"", ""sub104"", ""sub105"", ""sub106"", ""sub107"", ""sub108"", ""sub110"", ""sub111"", ""sub112"", ""sub113"", ""sub115"", ""sub116"", ""sub117"", ""sub118"", ""sub119"", ""sub120"", ""sub121"", ""sub122""]","[""sub025"", ""sub033"", ""sub046"", ""sub051"", ""sub054"", ""sub057"", ""sub067"", ""sub071"", ""sub099"", ""sub101"", ""sub109"", ""sub114""]","sub023","single processed collection","sorted subject IDs; per-target NumPy SeedSequence([seed, fold_index]); permute remaining source IDs; first ceil(validation_fraction*N_source) are validation","20261001"
"FACED","emotion","sub024","[""sub000"", ""sub001"", ""sub002"", ""sub004"", ""sub005"", ""sub006"", ""sub007"", ""sub008"", ""sub009"", ""sub010"", ""sub011"", ""sub012"", ""sub013"", ""sub014"", ""sub015"", ""sub016"", ""sub017"", ""sub019"", ""sub020"", ""sub021"", ""sub022"", ""sub023"", ""sub025"", ""sub026"", ""sub027"", ""sub028"", ""sub029"", ""sub030"", ""sub031"", ""sub033"", ""sub034"", ""sub035"", ""sub036"", ""sub038"", ""sub039"", ""sub040"", ""sub041"", ""sub042"", ""sub043"", ""sub046"", ""sub047"", ""sub048"", ""sub049"", ""sub050"", ""sub051"", ""sub053"", ""sub054"", ""sub055"", ""sub056"", ""sub057"", ""sub058"", ""sub059"", ""sub060"", ""sub061"", ""sub062"", ""sub064"", ""sub065"", ""sub066"", ""sub067"", ""sub068"", ""sub069"", ""sub070"", ""sub071"", ""sub072"", ""sub073"", ""sub074"", ""sub075"", ""sub076"", ""sub077"", ""sub078"", ""sub079"", ""sub080"", ""sub082"", ""sub083"", ""sub084"", ""sub085"", ""sub086"", ""sub087"", ""sub088"", ""sub089"", ""sub090"", ""sub091"", ""sub092"", ""sub093"", ""sub095"", ""sub096"", ""sub098"", ""sub099"", ""sub100"", ""sub101"", ""sub102"", ""sub103"", ""sub104"", ""sub105"", ""sub106"", ""sub107"", ""sub108"", ""sub109"", ""sub110"", ""sub111"", ""sub113"", ""sub114"", ""sub115"", ""sub116"", ""sub117"", ""sub118"", ""sub119"", ""sub120"", ""sub121"", ""sub122""]","[""sub003"", ""sub018"", ""sub032"", ""sub037"", ""sub044"", ""sub045"", ""sub052"", ""sub063"", ""sub081"", ""sub094"", ""sub097"", ""sub112""]","sub024","single processed collection","sorted subject IDs; per-target NumPy SeedSequence([seed, fold_index]); permute remaining source IDs; first ceil(validation_fraction*N_source) are validation","20261001"
"FACED","emotion","sub025","[""sub000"", ""sub001"", ""sub002"", ""sub003"", ""sub004"", ""sub005"", ""sub006"", ""sub007"", ""sub008"", ""sub010"", ""sub011"", ""sub012"", ""sub014"", ""sub015"", ""sub016"", ""sub017"", ""sub019"", ""sub020"", ""sub021"", ""sub022"", ""sub024"", ""sub026"", ""sub027"", ""sub028"", ""sub029"", ""sub031"", ""sub032"", ""sub033"", ""sub034"", ""sub035"", ""sub036"", ""sub037"", ""sub038"", ""sub039"", ""sub041"", ""sub042"", ""sub043"", ""sub044"", ""sub045"", ""sub046"", ""sub047"", ""sub048"", ""sub049"", ""sub050"", ""sub051"", ""sub052"", ""sub053"", ""sub054"", ""sub055"", ""sub056"", ""sub057"", ""sub058"", ""sub059"", ""sub060"", ""sub062"", ""sub063"", ""sub064"", ""sub065"", ""sub066"", ""sub067"", ""sub068"", ""sub069"", ""sub070"", ""sub071"", ""sub072"", ""sub073"", ""sub074"", ""sub076"", ""sub077"", ""sub078"", ""sub079"", ""sub080"", ""sub081"", ""sub082"", ""sub083"", ""sub084"", ""sub085"", ""sub086"", ""sub087"", ""sub088"", ""sub089"", ""sub090"", ""sub091"", ""sub092"", ""sub093"", ""sub096"", ""sub097"", ""sub098"", ""sub099"", ""sub100"", ""sub101"", ""sub102"", ""sub103"", ""sub104"", ""sub105"", ""sub106"", ""sub107"", ""sub108"", ""sub109"", ""sub110"", ""sub111"", ""sub112"", ""sub113"", ""sub114"", ""sub115"", ""sub116"", ""sub117"", ""sub118"", ""sub120"", ""sub122""]","[""sub009"", ""sub013"", ""sub018"", ""sub023"", ""sub030"", ""sub040"", ""sub061"", ""sub075"", ""sub094"", ""sub095"", ""sub119"", ""sub121""]","sub025","single processed collection","sorted subject IDs; per-target NumPy SeedSequence([seed, fold_index]); permute remaining source IDs; first ceil(validation_fraction*N_source) are validation","20261001"
"FACED","emotion","sub026","[""sub000"", ""sub001"", ""sub002"", ""sub003"", ""sub004"", ""sub005"", ""sub006"", ""sub008"", ""sub009"", ""sub010"", ""sub011"", ""sub012"", ""sub013"", ""sub014"", ""sub015"", ""sub016"", ""sub017"", ""sub018"", ""sub019"", ""sub020"", ""sub021"", ""sub022"", ""sub024"", ""sub025"", ""sub027"", ""sub028"", ""sub029"", ""sub034"", ""sub035"", ""sub036"", ""sub037"", ""sub038"", ""sub039"", ""sub040"", ""sub041"", ""sub042"", ""sub043"", ""sub044"", ""sub045"", ""sub046"", ""sub047"", ""sub048"", ""sub049"", ""sub050"", ""sub051"", ""sub052"", ""sub053"", ""sub056"", ""sub057"", ""sub058"", ""sub059"", ""sub060"", ""sub061"", ""sub062"", ""sub063"", ""sub064"", ""sub065"", ""sub066"", ""sub067"", ""sub068"", ""sub069"", ""sub070"", ""sub071"", ""sub072"", ""sub073"", ""sub075"", ""sub076"", ""sub077"", ""sub078"", ""sub079"", ""sub080"", ""sub081"", ""sub082"", ""sub083"", ""sub084"", ""sub085"", ""sub086"", ""sub087"", ""sub088"", ""sub089"", ""sub090"", ""sub091"", ""sub092"", ""sub093"", ""sub094"", ""sub095"", ""sub096"", ""sub097"", ""sub098"", ""sub099"", ""sub100"", ""sub101"", ""sub102"", ""sub104"", ""sub105"", ""sub106"", ""sub107"", ""sub109"", ""sub110"", ""sub111"", ""sub112"", ""sub113"", ""sub114"", ""sub115"", ""sub117"", ""sub118"", ""sub119"", ""sub120"", ""sub121"", ""sub122""]","[""sub007"", ""sub023"", ""sub030"", ""sub031"", ""sub032"", ""sub033"", ""sub054"", ""sub055"", ""sub074"", ""sub103"", ""sub108"", ""sub116""]","sub026","single processed collection","sorted subject IDs; per-target NumPy SeedSequence([seed, fold_index]); permute remaining source IDs; first ceil(validation_fraction*N_source) are validation","20261001"
"FACED","emotion","sub027","[""sub000"", ""sub001"", ""sub002"", ""sub004"", ""sub005"", ""sub006"", ""sub007"", ""sub008"", ""sub009"", ""sub010"", ""sub011"", ""sub012"", ""sub014"", ""sub015"", ""sub016"", ""sub017"", ""sub018"", ""sub020"", ""sub021"", ""sub022"", ""sub023"", ""sub024"", ""sub025"", ""sub026"", ""sub028"", ""sub029"", ""sub030"", ""sub031"", ""sub032"", ""sub033"", ""sub034"", ""sub035"", ""sub036"", ""sub037"", ""sub040"", ""sub041"", ""sub042"", ""sub043"", ""sub044"", ""sub045"", ""sub046"", ""sub047"", ""sub050"", ""sub051"", ""sub052"", ""sub053"", ""sub054"", ""sub055"", ""sub056"", ""sub057"", ""sub058"", ""sub059"", ""sub060"", ""sub061"", ""sub063"", ""sub064"", ""sub065"", ""sub066"", ""sub067"", ""sub068"", ""sub069"", ""sub070"", ""sub071"", ""sub072"", ""sub073"", ""sub074"", ""sub075"", ""sub077"", ""sub078"", ""sub079"", ""sub080"", ""sub081"", ""sub082"", ""sub083"", ""sub084"", ""sub085"", ""sub087"", ""sub088"", ""sub089"", ""sub091"", ""sub092"", ""sub093"", ""sub094"", ""sub095"", ""sub096"", ""sub097"", ""sub098"", ""sub099"", ""sub100"", ""sub101"", ""sub102"", ""sub103"", ""sub104"", ""sub105"", ""sub106"", ""sub107"", ""sub108"", ""sub109"", ""sub110"", ""sub111"", ""sub112"", ""sub114"", ""sub115"", ""sub116"", ""sub117"", ""sub118"", ""sub119"", ""sub120"", ""sub121"", ""sub122""]","[""sub003"", ""sub013"", ""sub019"", ""sub038"", ""sub039"", ""sub048"", ""sub049"", ""sub062"", ""sub076"", ""sub086"", ""sub090"", ""sub113""]","sub027","single processed collection","sorted subject IDs; per-target NumPy SeedSequence([seed, fold_index]); permute remaining source IDs; first ceil(validation_fraction*N_source) are validation","20261001"
"FACED","emotion","sub028","[""sub000"", ""sub002"", ""sub004"", ""sub006"", ""sub007"", ""sub008"", ""sub009"", ""sub010"", ""sub011"", ""sub012"", ""sub013"", ""sub014"", ""sub015"", ""sub016"", ""sub017"", ""sub018"", ""sub019"", ""sub020"", ""sub021"", ""sub022"", ""sub023"", ""sub024"", ""sub025"", ""sub026"", ""sub027"", ""sub029"", ""sub030"", ""sub031"", ""sub032"", ""sub033"", ""sub034"", ""sub035"", ""sub036"", ""sub037"", ""sub038"", ""sub039"", ""sub040"", ""sub042"", ""sub043"", ""sub044"", ""sub045"", ""sub047"", ""sub048"", ""sub049"", ""sub050"", ""sub051"", ""sub052"", ""sub053"", ""sub054"", ""sub055"", ""sub056"", ""sub057"", ""sub058"", ""sub059"", ""sub060"", ""sub061"", ""sub063"", ""sub064"", ""sub065"", ""sub066"", ""sub067"", ""sub068"", ""sub069"", ""sub070"", ""sub072"", ""sub073"", ""sub074"", ""sub075"", ""sub076"", ""sub078"", ""sub079"", ""sub080"", ""sub081"", ""sub082"", ""sub083"", ""sub084"", ""sub085"", ""sub086"", ""sub087"", ""sub088"", ""sub089"", ""sub090"", ""sub092"", ""sub093"", ""sub095"", ""sub096"", ""sub097"", ""sub098"", ""sub099"", ""sub101"", ""sub102"", ""sub103"", ""sub104"", ""sub105"", ""sub106"", ""sub107"", ""sub108"", ""sub109"", ""sub110"", ""sub112"", ""sub113"", ""sub114"", ""sub115"", ""sub116"", ""sub117"", ""sub118"", ""sub119"", ""sub120"", ""sub121"", ""sub122""]","[""sub001"", ""sub003"", ""sub005"", ""sub041"", ""sub046"", ""sub062"", ""sub071"", ""sub077"", ""sub091"", ""sub094"", ""sub100"", ""sub111""]","sub028","single processed collection","sorted subject IDs; per-target NumPy SeedSequence([seed, fold_index]); permute remaining source IDs; first ceil(validation_fraction*N_source) are validation","20261001"
"FACED","emotion","sub029","[""sub000"", ""sub001"", ""sub002"", ""sub003"", ""sub004"", ""sub005"", ""sub006"", ""sub007"", ""sub008"", ""sub009"", ""sub010"", ""sub012"", ""sub013"", ""sub014"", ""sub015"", ""sub016"", ""sub017"", ""sub018"", ""sub019"", ""sub020"", ""sub021"", ""sub023"", ""sub024"", ""sub025"", ""sub026"", ""sub027"", ""sub028"", ""sub030"", ""sub031"", ""sub032"", ""sub033"", ""sub034"", ""sub035"", ""sub036"", ""sub038"", ""sub039"", ""sub040"", ""sub041"", ""sub042"", ""sub043"", ""sub044"", ""sub045"", ""sub046"", ""sub047"", ""sub048"", ""sub049"", ""sub050"", ""sub051"", ""sub052"", ""sub053"", ""sub054"", ""sub055"", ""sub056"", ""sub057"", ""sub058"", ""sub059"", ""sub060"", ""sub061"", ""sub062"", ""sub063"", ""sub064"", ""sub065"", ""sub066"", ""sub067"", ""sub068"", ""sub069"", ""sub070"", ""sub071"", ""sub073"", ""sub074"", ""sub075"", ""sub076"", ""sub077"", ""sub079"", ""sub080"", ""sub082"", ""sub083"", ""sub084"", ""sub086"", ""sub087"", ""sub090"", ""sub091"", ""sub092"", ""sub093"", ""sub094"", ""sub096"", ""sub097"", ""sub098"", ""sub099"", ""sub100"", ""sub101"", ""sub102"", ""sub103"", ""sub104"", ""sub105"", ""sub106"", ""sub107"", ""sub108"", ""sub109"", ""sub110"", ""sub112"", ""sub113"", ""sub114"", ""sub115"", ""sub116"", ""sub117"", ""sub118"", ""sub119"", ""sub120"", ""sub122""]","[""sub011"", ""sub022"", ""sub037"", ""sub072"", ""sub078"", ""sub081"", ""sub085"", ""sub088"", ""sub089"", ""sub095"", ""sub111"", ""sub121""]","sub029","single processed collection","sorted subject IDs; per-target NumPy SeedSequence([seed, fold_index]); permute remaining source IDs; first ceil(validation_fraction*N_source) are validation","20261001"
"FACED","emotion","sub030","[""sub000"", ""sub001"", ""sub002"", ""sub003"", ""sub004"", ""sub005"", ""sub006"", ""sub007"", ""sub008"", ""sub009"", ""sub010"", ""sub011"", ""sub012"", ""sub013"", ""sub014"", ""sub015"", ""sub016"", ""sub017"", ""sub018"", ""sub019"", ""sub021"", ""sub022"", ""sub023"", ""sub024"", ""sub025"", ""sub026"", ""sub027"", ""sub029"", ""sub031"", ""sub032"", ""sub033"", ""sub034"", ""sub035"", ""sub036"", ""sub037"", ""sub038"", ""sub039"", ""sub040"", ""sub042"", ""sub043"", ""sub044"", ""sub045"", ""sub046"", ""sub047"", ""sub048"", ""sub049"", ""sub050"", ""sub052"", ""sub053"", ""sub054"", ""sub055"", ""sub056"", ""sub057"", ""sub058"", ""sub059"", ""sub060"", ""sub061"", ""sub062"", ""sub063"", ""sub064"", ""sub065"", ""sub066"", ""sub067"", ""sub069"", ""sub070"", ""sub071"", ""sub072"", ""sub073"", ""sub075"", ""sub076"", ""sub077"", ""sub078"", ""sub079"", ""sub080"", ""sub081"", ""sub082"", ""sub083"", ""sub084"", ""sub085"", ""sub086"", ""sub087"", ""sub088"", ""sub089"", ""sub090"", ""sub091"", ""sub092"", ""sub093"", ""sub094"", ""sub095"", ""sub097"", ""sub099"", ""sub101"", ""sub102"", ""sub103"", ""sub104"", ""sub105"", ""sub106"", ""sub107"", ""sub108"", ""sub109"", ""sub110"", ""sub111"", ""sub112"", ""sub113"", ""sub114"", ""sub115"", ""sub118"", ""sub119"", ""sub120"", ""sub122""]","[""sub020"", ""sub028"", ""sub041"", ""sub051"", ""sub068"", ""sub074"", ""sub096"", ""sub098"", ""sub100"", ""sub116"", ""sub117"", ""sub121""]","sub030","single processed collection","sorted subject IDs; per-target NumPy SeedSequence([seed, fold_index]); permute remaining source IDs; first ceil(validation_fraction*N_source) are validation","20261001"
"FACED","emotion","sub031","[""sub000"", ""sub001"", ""sub003"", ""sub004"", ""sub005"", ""sub006"", ""sub007"", ""sub008"", ""sub009"", ""sub010"", ""sub012"", ""sub013"", ""sub014"", ""sub015"", ""sub016"", ""sub017"", ""sub018"", ""sub019"", ""sub020"", ""sub021"", ""sub023"", ""sub025"", ""sub026"", ""sub027"", ""sub028"", ""sub029"", ""sub030"", ""sub032"", ""sub033"", ""sub034"", ""sub035"", ""sub036"", ""sub037"", ""sub038"", ""sub039"", ""sub040"", ""sub041"", ""sub043"", ""sub044"", ""sub045"", ""sub046"", ""sub047"", ""sub048"", ""sub049"", ""sub050"", ""sub051"", ""sub052"", ""sub053"", ""sub054"", ""sub056"", ""sub057"", ""sub058"", ""sub059"", ""sub061"", ""sub062"", ""sub063"", ""sub065"", ""sub066"", ""sub067"", ""sub068"", ""sub069"", ""sub070"", ""sub071"", ""sub072"", ""sub073"", ""sub074"", ""sub075"", ""sub076"", ""sub077"", ""sub078"", ""sub079"", ""sub080"", ""sub081"", ""sub082"", ""sub083"", ""sub084"", ""sub085"", ""sub087"", ""sub088"", ""sub089"", ""sub090"", ""sub091"", ""sub092"", ""sub093"", ""sub094"", ""sub095"", ""sub096"", ""sub097"", ""sub098"", ""sub099"", ""sub100"", ""sub102"", ""sub103"", ""sub105"", ""sub106"", ""sub107"", ""sub108"", ""sub109"", ""sub110"", ""sub111"", ""sub112"", ""sub113"", ""sub114"", ""sub115"", ""sub116"", ""sub117"", ""sub119"", ""sub120"", ""sub121"", ""sub122""]","[""sub002"", ""sub011"", ""sub022"", ""sub024"", ""sub042"", ""sub055"", ""sub060"", ""sub064"", ""sub086"", ""sub101"", ""sub104"", ""sub118""]","sub031","single processed collection","sorted subject IDs; per-target NumPy SeedSequence([seed, fold_index]); permute remaining source IDs; first ceil(validation_fraction*N_source) are validation","20261001"
"FACED","emotion","sub032","[""sub001"", ""sub002"", ""sub003"", ""sub004"", ""sub005"", ""sub006"", ""sub007"", ""sub008"", ""sub009"", ""sub010"", ""sub012"", ""sub013"", ""sub014"", ""sub015"", ""sub016"", ""sub017"", ""sub018"", ""sub019"", ""sub021"", ""sub022"", ""sub023"", ""sub025"", ""sub026"", ""sub027"", ""sub028"", ""sub029"", ""sub030"", ""sub031"", ""sub033"", ""sub034"", ""sub035"", ""sub036"", ""sub037"", ""sub038"", ""sub039"", ""sub040"", ""sub041"", ""sub042"", ""sub044"", ""sub045"", ""sub047"", ""sub048"", ""sub049"", ""sub050"", ""sub051"", ""sub052"", ""sub053"", ""sub054"", ""sub055"", ""sub056"", ""sub057"", ""sub059"", ""sub060"", ""sub061"", ""sub062"", ""sub063"", ""sub064"", ""sub065"", ""sub066"", ""sub067"", ""sub068"", ""sub069"", ""sub070"", ""sub071"", ""sub072"", ""sub073"", ""sub074"", ""sub075"", ""sub076"", ""sub077"", ""sub078"", ""sub079"", ""sub080"", ""sub081"", ""sub082"", ""sub083"", ""sub085"", ""sub086"", ""sub087"", ""sub088"", ""sub089"", ""sub090"", ""sub091"", ""sub092"", ""sub094"", ""sub097"", ""sub099"", ""sub100"", ""sub101"", ""sub102"", ""sub103"", ""sub104"", ""sub105"", ""sub106"", ""sub107"", ""sub108"", ""sub109"", ""sub110"", ""sub111"", ""sub112"", ""sub113"", ""sub114"", ""sub115"", ""sub116"", ""sub117"", ""sub118"", ""sub119"", ""sub120"", ""sub121"", ""sub122""]","[""sub000"", ""sub011"", ""sub020"", ""sub024"", ""sub043"", ""sub046"", ""sub058"", ""sub084"", ""sub093"", ""sub095"", ""sub096"", ""sub098""]","sub032","single processed collection","sorted subject IDs; per-target NumPy SeedSequence([seed, fold_index]); permute remaining source IDs; first ceil(validation_fraction*N_source) are validation","20261001"
"FACED","emotion","sub033","[""sub000"", ""sub001"", ""sub002"", ""sub003"", ""sub004"", ""sub005"", ""sub006"", ""sub007"", ""sub008"", ""sub010"", ""sub011"", ""sub012"", ""sub013"", ""sub014"", ""sub015"", ""sub016"", ""sub017"", ""sub018"", ""sub019"", ""sub020"", ""sub021"", ""sub022"", ""sub023"", ""sub024"", ""sub025"", ""sub026"", ""sub028"", ""sub029"", ""sub030"", ""sub031"", ""sub032"", ""sub034"", ""sub035"", ""sub036"", ""sub037"", ""sub038"", ""sub039"", ""sub041"", ""sub042"", ""sub043"", ""sub045"", ""sub046"", ""sub047"", ""sub048"", ""sub049"", ""sub050"", ""sub051"", ""sub052"", ""sub053"", ""sub054"", ""sub055"", ""sub056"", ""sub057"", ""sub058"", ""sub059"", ""sub060"", ""sub061"", ""sub062"", ""sub063"", ""sub064"", ""sub065"", ""sub066"", ""sub067"", ""sub068"", ""sub069"", ""sub070"", ""sub071"", ""sub072"", ""sub073"", ""sub074"", ""sub075"", ""sub076"", ""sub077"", ""sub078"", ""sub079"", ""sub080"", ""sub081"", ""sub082"", ""sub083"", ""sub084"", ""sub085"", ""sub086"", ""sub087"", ""sub088"", ""sub090"", ""sub091"", ""sub092"", ""sub093"", ""sub094"", ""sub095"", ""sub096"", ""sub098"", ""sub100"", ""sub101"", ""sub102"", ""sub105"", ""sub107"", ""sub108"", ""sub109"", ""sub111"", ""sub113"", ""sub114"", ""sub115"", ""sub116"", ""sub117"", ""sub118"", ""sub119"", ""sub120"", ""sub121"", ""sub122""]","[""sub009"", ""sub027"", ""sub040"", ""sub044"", ""sub089"", ""sub097"", ""sub099"", ""sub103"", ""sub104"", ""sub106"", ""sub110"", ""sub112""]","sub033","single processed collection","sorted subject IDs; per-target NumPy SeedSequence([seed, fold_index]); permute remaining source IDs; first ceil(validation_fraction*N_source) are validation","20261001"
"FACED","emotion","sub034","[""sub000"", ""sub001"", ""sub002"", ""sub003"", ""sub004"", ""sub005"", ""sub006"", ""sub007"", ""sub008"", ""sub009"", ""sub010"", ""sub011"", ""sub012"", ""sub013"", ""sub014"", ""sub015"", ""sub016"", ""sub017"", ""sub018"", ""sub019"", ""sub020"", ""sub021"", ""sub022"", ""sub023"", ""sub024"", ""sub025"", ""sub026"", ""sub027"", ""sub029"", ""sub032"", ""sub033"", ""sub035"", ""sub036"", ""sub037"", ""sub038"", ""sub039"", ""sub040"", ""sub042"", ""sub043"", ""sub044"", ""sub045"", ""sub046"", ""sub048"", ""sub050"", ""sub051"", ""sub052"", ""sub053"", ""sub054"", ""sub055"", ""sub056"", ""sub058"", ""sub059"", ""sub060"", ""sub062"", ""sub063"", ""sub064"", ""sub065"", ""sub068"", ""sub069"", ""sub070"", ""sub071"", ""sub072"", ""sub073"", ""sub074"", ""sub075"", ""sub076"", ""sub077"", ""sub078"", ""sub079"", ""sub080"", ""sub081"", ""sub082"", ""sub083"", ""sub084"", ""sub085"", ""sub086"", ""sub087"", ""sub088"", ""sub089"", ""sub090"", ""sub091"", ""sub092"", ""sub093"", ""sub094"", ""sub095"", ""sub096"", ""sub097"", ""sub098"", ""sub099"", ""sub100"", ""sub101"", ""sub102"", ""sub103"", ""sub104"", ""sub105"", ""sub106"", ""sub107"", ""sub109"", ""sub110"", ""sub111"", ""sub112"", ""sub113"", ""sub114"", ""sub115"", ""sub116"", ""sub117"", ""sub118"", ""sub119"", ""sub121"", ""sub122""]","[""sub028"", ""sub030"", ""sub031"", ""sub041"", ""sub047"", ""sub049"", ""sub057"", ""sub061"", ""sub066"", ""sub067"", ""sub108"", ""sub120""]","sub034","single processed collection","sorted subject IDs; per-target NumPy SeedSequence([seed, fold_index]); permute remaining source IDs; first ceil(validation_fraction*N_source) are validation","20261001"
"FACED","emotion","sub035","[""sub000"", ""sub001"", ""sub003"", ""sub004"", ""sub005"", ""sub007"", ""sub008"", ""sub009"", ""sub010"", ""sub011"", ""sub012"", ""sub013"", ""sub014"", ""sub016"", ""sub017"", ""sub018"", ""sub020"", ""sub021"", ""sub022"", ""sub023"", ""sub024"", ""sub025"", ""sub026"", ""sub027"", ""sub028"", ""sub029"", ""sub030"", ""sub031"", ""sub032"", ""sub034"", ""sub036"", ""sub037"", ""sub038"", ""sub039"", ""sub040"", ""sub041"", ""sub042"", ""sub043"", ""sub044"", ""sub045"", ""sub046"", ""sub047"", ""sub050"", ""sub052"", ""sub053"", ""sub054"", ""sub055"", ""sub056"", ""sub057"", ""sub058"", ""sub059"", ""sub060"", ""sub061"", ""sub062"", ""sub063"", ""sub064"", ""sub065"", ""sub066"", ""sub067"", ""sub068"", ""sub069"", ""sub070"", ""sub071"", ""sub072"", ""sub073"", ""sub074"", ""sub075"", ""sub076"", ""sub077"", ""sub078"", ""sub079"", ""sub080"", ""sub081"", ""sub083"", ""sub084"", ""sub085"", ""sub086"", ""sub087"", ""sub088"", ""sub089"", ""sub090"", ""sub091"", ""sub092"", ""sub094"", ""sub095"", ""sub096"", ""sub097"", ""sub099"", ""sub100"", ""sub102"", ""sub103"", ""sub104"", ""sub105"", ""sub106"", ""sub107"", ""sub108"", ""sub109"", ""sub110"", ""sub111"", ""sub112"", ""sub113"", ""sub114"", ""sub115"", ""sub116"", ""sub117"", ""sub118"", ""sub119"", ""sub120"", ""sub121"", ""sub122""]","[""sub002"", ""sub006"", ""sub015"", ""sub019"", ""sub033"", ""sub048"", ""sub049"", ""sub051"", ""sub082"", ""sub093"", ""sub098"", ""sub101""]","sub035","single processed collection","sorted subject IDs; per-target NumPy SeedSequence([seed, fold_index]); permute remaining source IDs; first ceil(validation_fraction*N_source) are validation","20261001"
"FACED","emotion","sub036","[""sub000"", ""sub001"", ""sub002"", ""sub003"", ""sub004"", ""sub005"", ""sub006"", ""sub007"", ""sub008"", ""sub009"", ""sub010"", ""sub011"", ""sub012"", ""sub013"", ""sub014"", ""sub015"", ""sub016"", ""sub017"", ""sub018"", ""sub019"", ""sub020"", ""sub021"", ""sub022"", ""sub023"", ""sub024"", ""sub025"", ""sub026"", ""sub027"", ""sub029"", ""sub030"", ""sub031"", ""sub032"", ""sub033"", ""sub034"", ""sub035"", ""sub037"", ""sub039"", ""sub040"", ""sub041"", ""sub043"", ""sub045"", ""sub046"", ""sub047"", ""sub048"", ""sub049"", ""sub050"", ""sub051"", ""sub052"", ""sub053"", ""sub054"", ""sub055"", ""sub056"", ""sub057"", ""sub058"", ""sub059"", ""sub060"", ""sub061"", ""sub062"", ""sub063"", ""sub064"", ""sub066"", ""sub068"", ""sub069"", ""sub070"", ""sub071"", ""sub073"", ""sub074"", ""sub075"", ""sub076"", ""sub077"", ""sub078"", ""sub079"", ""sub080"", ""sub081"", ""sub082"", ""sub083"", ""sub085"", ""sub087"", ""sub088"", ""sub089"", ""sub090"", ""sub091"", ""sub092"", ""sub093"", ""sub094"", ""sub095"", ""sub096"", ""sub098"", ""sub099"", ""sub100"", ""sub101"", ""sub102"", ""sub103"", ""sub104"", ""sub105"", ""sub106"", ""sub107"", ""sub108"", ""sub109"", ""sub110"", ""sub111"", ""sub112"", ""sub114"", ""sub116"", ""sub117"", ""sub118"", ""sub119"", ""sub120"", ""sub121"", ""sub122""]","[""sub028"", ""sub038"", ""sub042"", ""sub044"", ""sub065"", ""sub067"", ""sub072"", ""sub084"", ""sub086"", ""sub097"", ""sub113"", ""sub115""]","sub036","single processed collection","sorted subject IDs; per-target NumPy SeedSequence([seed, fold_index]); permute remaining source IDs; first ceil(validation_fraction*N_source) are validation","20261001"
"FACED","emotion","sub037","[""sub000"", ""sub001"", ""sub002"", ""sub004"", ""sub005"", ""sub006"", ""sub007"", ""sub008"", ""sub009"", ""sub010"", ""sub011"", ""sub012"", ""sub013"", ""sub014"", ""sub015"", ""sub016"", ""sub017"", ""sub018"", ""sub019"", ""sub020"", ""sub021"", ""sub022"", ""sub023"", ""sub024"", ""sub025"", ""sub026"", ""sub028"", ""sub029"", ""sub030"", ""sub032"", ""sub033"", ""sub034"", ""sub035"", ""sub036"", ""sub038"", ""sub039"", ""sub040"", ""sub041"", ""sub042"", ""sub043"", ""sub044"", ""sub046"", ""sub047"", ""sub048"", ""sub049"", ""sub050"", ""sub051"", ""sub052"", ""sub054"", ""sub056"", ""sub058"", ""sub059"", ""sub060"", ""sub061"", ""sub062"", ""sub063"", ""sub064"", ""sub065"", ""sub066"", ""sub067"", ""sub068"", ""sub069"", ""sub070"", ""sub071"", ""sub073"", ""sub074"", ""sub075"", ""sub076"", ""sub077"", ""sub078"", ""sub079"", ""sub080"", ""sub082"", ""sub083"", ""sub084"", ""sub085"", ""sub086"", ""sub087"", ""sub088"", ""sub089"", ""sub090"", ""sub091"", ""sub092"", ""sub093"", ""sub095"", ""sub096"", ""sub098"", ""sub099"", ""sub100"", ""sub101"", ""sub102"", ""sub103"", ""sub104"", ""sub105"", ""sub106"", ""sub107"", ""sub108"", ""sub109"", ""sub110"", ""sub111"", ""sub112"", ""sub113"", ""sub114"", ""sub115"", ""sub116"", ""sub117"", ""sub118"", ""sub120"", ""sub121"", ""sub122""]","[""sub003"", ""sub027"", ""sub031"", ""sub045"", ""sub053"", ""sub055"", ""sub057"", ""sub072"", ""sub081"", ""sub094"", ""sub097"", ""sub119""]","sub037","single processed collection","sorted subject IDs; per-target NumPy SeedSequence([seed, fold_index]); permute remaining source IDs; first ceil(validation_fraction*N_source) are validation","20261001"
"FACED","emotion","sub038","[""sub000"", ""sub001"", ""sub002"", ""sub003"", ""sub004"", ""sub005"", ""sub006"", ""sub007"", ""sub008"", ""sub010"", ""sub011"", ""sub012"", ""sub014"", ""sub015"", ""sub016"", ""sub017"", ""sub018"", ""sub019"", ""sub020"", ""sub021"", ""sub023"", ""sub024"", ""sub025"", ""sub026"", ""sub027"", ""sub028"", ""sub029"", ""sub030"", ""sub031"", ""sub032"", ""sub033"", ""sub034"", ""sub035"", ""sub037"", ""sub039"", ""sub040"", ""sub041"", ""sub042"", ""sub043"", ""sub044"", ""sub045"", ""sub046"", ""sub047"", ""sub048"", ""sub049"", ""sub050"", ""sub051"", ""sub052"", ""sub053"", ""sub054"", ""sub055"", ""sub056"", ""sub057"", ""sub058"", ""sub059"", ""sub060"", ""sub062"", ""sub063"", ""sub064"", ""sub065"", ""sub066"", ""sub067"", ""sub068"", ""sub069"", ""sub070"", ""sub071"", ""sub072"", ""sub073"", ""sub074"", ""sub075"", ""sub076"", ""sub078"", ""sub079"", ""sub081"", ""sub082"", ""sub083"", ""sub084"", ""sub085"", ""sub086"", ""sub087"", ""sub088"", ""sub089"", ""sub090"", ""sub091"", ""sub092"", ""sub094"", ""sub095"", ""sub097"", ""sub098"", ""sub099"", ""sub100"", ""sub101"", ""sub102"", ""sub103"", ""sub104"", ""sub106"", ""sub107"", ""sub108"", ""sub109"", ""sub110"", ""sub111"", ""sub112"", ""sub113"", ""sub114"", ""sub115"", ""sub117"", ""sub118"", ""sub120"", ""sub121"", ""sub122""]","[""sub009"", ""sub013"", ""sub022"", ""sub036"", ""sub061"", ""sub077"", ""sub080"", ""sub093"", ""sub096"", ""sub105"", ""sub116"", ""sub119""]","sub038","single processed collection","sorted subject IDs; per-target NumPy SeedSequence([seed, fold_index]); permute remaining source IDs; first ceil(validation_fraction*N_source) are validation","20261001"
"FACED","emotion","sub039","[""sub000"", ""sub001"", ""sub002"", ""sub003"", ""sub004"", ""sub005"", ""sub006"", ""sub007"", ""sub008"", ""sub009"", ""sub010"", ""sub011"", ""sub012"", ""sub013"", ""sub014"", ""sub016"", ""sub017"", ""sub018"", ""sub020"", ""sub021"", ""sub022"", ""sub023"", ""sub025"", ""sub026"", ""sub027"", ""sub028"", ""sub029"", ""sub030"", ""sub031"", ""sub033"", ""sub034"", ""sub035"", ""sub036"", ""sub037"", ""sub040"", ""sub041"", ""sub042"", ""sub043"", ""sub044"", ""sub045"", ""sub046"", ""sub047"", ""sub048"", ""sub049"", ""sub051"", ""sub052"", ""sub053"", ""sub054"", ""sub055"", ""sub057"", ""sub058"", ""sub059"", ""sub060"", ""sub061"", ""sub062"", ""sub063"", ""sub064"", ""sub065"", ""sub066"", ""sub067"", ""sub068"", ""sub069"", ""sub070"", ""sub071"", ""sub072"", ""sub074"", ""sub075"", ""sub076"", ""sub077"", ""sub078"", ""sub080"", ""sub081"", ""sub082"", ""sub083"", ""sub084"", ""sub085"", ""sub086"", ""sub087"", ""sub088"", ""sub089"", ""sub090"", ""sub091"", ""sub092"", ""sub093"", ""sub094"", ""sub095"", ""sub096"", ""sub097"", ""sub098"", ""sub099"", ""sub100"", ""sub101"", ""sub102"", ""sub103"", ""sub104"", ""sub105"", ""sub106"", ""sub107"", ""sub108"", ""sub109"", ""sub110"", ""sub111"", ""sub112"", ""sub115"", ""sub116"", ""sub117"", ""sub118"", ""sub119"", ""sub121"", ""sub122""]","[""sub015"", ""sub019"", ""sub024"", ""sub032"", ""sub038"", ""sub050"", ""sub056"", ""sub073"", ""sub079"", ""sub113"", ""sub114"", ""sub120""]","sub039","single processed collection","sorted subject IDs; per-target NumPy SeedSequence([seed, fold_index]); permute remaining source IDs; first ceil(validation_fraction*N_source) are validation","20261001"
"FACED","emotion","sub040","[""sub000"", ""sub001"", ""sub003"", ""sub004"", ""sub005"", ""sub006"", ""sub007"", ""sub009"", ""sub010"", ""sub011"", ""sub012"", ""sub014"", ""sub015"", ""sub016"", ""sub017"", ""sub018"", ""sub019"", ""sub021"", ""sub022"", ""sub023"", ""sub024"", ""sub025"", ""sub026"", ""sub028"", ""sub029"", ""sub030"", ""sub031"", ""sub032"", ""sub033"", ""sub034"", ""sub035"", ""sub036"", ""sub037"", ""sub038"", ""sub039"", ""sub041"", ""sub042"", ""sub043"", ""sub044"", ""sub045"", ""sub046"", ""sub047"", ""sub049"", ""sub050"", ""sub051"", ""sub052"", ""sub053"", ""sub054"", ""sub055"", ""sub056"", ""sub057"", ""sub059"", ""sub060"", ""sub061"", ""sub062"", ""sub063"", ""sub064"", ""sub065"", ""sub066"", ""sub067"", ""sub068"", ""sub069"", ""sub070"", ""sub071"", ""sub072"", ""sub073"", ""sub074"", ""sub075"", ""sub076"", ""sub077"", ""sub078"", ""sub080"", ""sub081"", ""sub082"", ""sub083"", ""sub084"", ""sub085"", ""sub086"", ""sub087"", ""sub089"", ""sub090"", ""sub091"", ""sub092"", ""sub093"", ""sub094"", ""sub095"", ""sub097"", ""sub098"", ""sub099"", ""sub100"", ""sub101"", ""sub102"", ""sub104"", ""sub105"", ""sub106"", ""sub107"", ""sub108"", ""sub109"", ""sub110"", ""sub111"", ""sub112"", ""sub113"", ""sub114"", ""sub115"", ""sub116"", ""sub117"", ""sub118"", ""sub119"", ""sub120"", ""sub122""]","[""sub002"", ""sub008"", ""sub013"", ""sub020"", ""sub027"", ""sub048"", ""sub058"", ""sub079"", ""sub088"", ""sub096"", ""sub103"", ""sub121""]","sub040","single processed collection","sorted subject IDs; per-target NumPy SeedSequence([seed, fold_index]); permute remaining source IDs; first ceil(validation_fraction*N_source) are validation","20261001"
"FACED","emotion","sub041","[""sub000"", ""sub001"", ""sub002"", ""sub003"", ""sub004"", ""sub006"", ""sub008"", ""sub009"", ""sub010"", ""sub011"", ""sub012"", ""sub013"", ""sub014"", ""sub015"", ""sub016"", ""sub017"", ""sub019"", ""sub020"", ""sub021"", ""sub022"", ""sub023"", ""sub024"", ""sub025"", ""sub026"", ""sub027"", ""sub028"", ""sub029"", ""sub030"", ""sub031"", ""sub032"", ""sub033"", ""sub034"", ""sub035"", ""sub036"", ""sub037"", ""sub038"", ""sub039"", ""sub040"", ""sub042"", ""sub043"", ""sub044"", ""sub046"", ""sub047"", ""sub048"", ""sub049"", ""sub050"", ""sub051"", ""sub052"", ""sub055"", ""sub056"", ""sub057"", ""sub058"", ""sub059"", ""sub060"", ""sub062"", ""sub063"", ""sub064"", ""sub065"", ""sub066"", ""sub067"", ""sub068"", ""sub069"", ""sub071"", ""sub072"", ""sub073"", ""sub074"", ""sub075"", ""sub076"", ""sub077"", ""sub078"", ""sub079"", ""sub080"", ""sub081"", ""sub082"", ""sub084"", ""sub085"", ""sub086"", ""sub087"", ""sub088"", ""sub089"", ""sub090"", ""sub091"", ""sub092"", ""sub093"", ""sub094"", ""sub095"", ""sub096"", ""sub097"", ""sub098"", ""sub099"", ""sub100"", ""sub101"", ""sub102"", ""sub103"", ""sub104"", ""sub105"", ""sub107"", ""sub108"", ""sub109"", ""sub110"", ""sub111"", ""sub112"", ""sub113"", ""sub114"", ""sub115"", ""sub118"", ""sub119"", ""sub120"", ""sub121"", ""sub122""]","[""sub005"", ""sub007"", ""sub018"", ""sub045"", ""sub053"", ""sub054"", ""sub061"", ""sub070"", ""sub083"", ""sub106"", ""sub116"", ""sub117""]","sub041","single processed collection","sorted subject IDs; per-target NumPy SeedSequence([seed, fold_index]); permute remaining source IDs; first ceil(validation_fraction*N_source) are validation","20261001"
"FACED","emotion","sub042","[""sub000"", ""sub001"", ""sub002"", ""sub003"", ""sub004"", ""sub005"", ""sub007"", ""sub008"", ""sub009"", ""sub010"", ""sub011"", ""sub012"", ""sub013"", ""sub014"", ""sub015"", ""sub016"", ""sub017"", ""sub018"", ""sub019"", ""sub020"", ""sub021"", ""sub022"", ""sub024"", ""sub025"", ""sub026"", ""sub028"", ""sub029"", ""sub030"", ""sub031"", ""sub033"", ""sub034"", ""sub035"", ""sub036"", ""sub037"", ""sub038"", ""sub039"", ""sub040"", ""sub041"", ""sub043"", ""sub044"", ""sub045"", ""sub046"", ""sub047"", ""sub048"", ""sub049"", ""sub051"", ""sub052"", ""sub053"", ""sub054"", ""sub055"", ""sub056"", ""sub057"", ""sub058"", ""sub060"", ""sub062"", ""sub063"", ""sub064"", ""sub065"", ""sub066"", ""sub067"", ""sub068"", ""sub069"", ""sub071"", ""sub072"", ""sub073"", ""sub074"", ""sub075"", ""sub076"", ""sub077"", ""sub078"", ""sub079"", ""sub080"", ""sub081"", ""sub082"", ""sub083"", ""sub084"", ""sub085"", ""sub086"", ""sub087"", ""sub088"", ""sub089"", ""sub090"", ""sub091"", ""sub092"", ""sub093"", ""sub095"", ""sub096"", ""sub097"", ""sub098"", ""sub099"", ""sub100"", ""sub102"", ""sub103"", ""sub104"", ""sub105"", ""sub106"", ""sub107"", ""sub108"", ""sub109"", ""sub110"", ""sub111"", ""sub112"", ""sub113"", ""sub114"", ""sub116"", ""sub118"", ""sub119"", ""sub120"", ""sub121"", ""sub122""]","[""sub006"", ""sub023"", ""sub027"", ""sub032"", ""sub050"", ""sub059"", ""sub061"", ""sub070"", ""sub094"", ""sub101"", ""sub115"", ""sub117""]","sub042","single processed collection","sorted subject IDs; per-target NumPy SeedSequence([seed, fold_index]); permute remaining source IDs; first ceil(validation_fraction*N_source) are validation","20261001"
"FACED","emotion","sub043","[""sub000"", ""sub001"", ""sub002"", ""sub003"", ""sub004"", ""sub005"", ""sub006"", ""sub007"", ""sub009"", ""sub010"", ""sub011"", ""sub013"", ""sub014"", ""sub015"", ""sub016"", ""sub017"", ""sub018"", ""sub019"", ""sub020"", ""sub021"", ""sub022"", ""sub023"", ""sub024"", ""sub025"", ""sub026"", ""sub027"", ""sub028"", ""sub029"", ""sub030"", ""sub031"", ""sub032"", ""sub033"", ""sub034"", ""sub035"", ""sub036"", ""sub037"", ""sub039"", ""sub041"", ""sub042"", ""sub044"", ""sub045"", ""sub046"", ""sub047"", ""sub050"", ""sub051"", ""sub052"", ""sub053"", ""sub054"", ""sub055"", ""sub056"", ""sub057"", ""sub058"", ""sub059"", ""sub061"", ""sub062"", ""sub063"", ""sub064"", ""sub065"", ""sub066"", ""sub067"", ""sub068"", ""sub069"", ""sub070"", ""sub071"", ""sub072"", ""sub073"", ""sub074"", ""sub075"", ""sub076"", ""sub077"", ""sub078"", ""sub079"", ""sub080"", ""sub081"", ""sub082"", ""sub085"", ""sub086"", ""sub087"", ""sub088"", ""sub089"", ""sub090"", ""sub091"", ""sub092"", ""sub093"", ""sub094"", ""sub095"", ""sub096"", ""sub098"", ""sub099"", ""sub100"", ""sub101"", ""sub102"", ""sub103"", ""sub104"", ""sub105"", ""sub107"", ""sub109"", ""sub110"", ""sub111"", ""sub112"", ""sub113"", ""sub114"", ""sub115"", ""sub116"", ""sub117"", ""sub118"", ""sub119"", ""sub120"", ""sub121"", ""sub122""]","[""sub008"", ""sub012"", ""sub038"", ""sub040"", ""sub048"", ""sub049"", ""sub060"", ""sub083"", ""sub084"", ""sub097"", ""sub106"", ""sub108""]","sub043","single processed collection","sorted subject IDs; per-target NumPy SeedSequence([seed, fold_index]); permute remaining source IDs; first ceil(validation_fraction*N_source) are validation","20261001"
"FACED","emotion","sub044","[""sub001"", ""sub002"", ""sub003"", ""sub004"", ""sub005"", ""sub006"", ""sub007"", ""sub008"", ""sub009"", ""sub010"", ""sub011"", ""sub012"", ""sub013"", ""sub014"", ""sub015"", ""sub016"", ""sub017"", ""sub018"", ""sub019"", ""sub020"", ""sub021"", ""sub022"", ""sub023"", ""sub024"", ""sub025"", ""sub026"", ""sub027"", ""sub028"", ""sub029"", ""sub030"", ""sub033"", ""sub034"", ""sub035"", ""sub037"", ""sub038"", ""sub039"", ""sub040"", ""sub041"", ""sub042"", ""sub043"", ""sub045"", ""sub048"", ""sub049"", ""sub050"", ""sub051"", ""sub052"", ""sub053"", ""sub055"", ""sub056"", ""sub057"", ""sub058"", ""sub059"", ""sub060"", ""sub061"", ""sub062"", ""sub063"", ""sub064"", ""sub065"", ""sub066"", ""sub067"", ""sub068"", ""sub069"", ""sub070"", ""sub071"", ""sub072"", ""sub073"", ""sub074"", ""sub076"", ""sub077"", ""sub078"", ""sub079"", ""sub080"", ""sub081"", ""sub082"", ""sub083"", ""sub084"", ""sub085"", ""sub086"", ""sub087"", ""sub089"", ""sub090"", ""sub091"", ""sub092"", ""sub093"", ""sub094"", ""sub095"", ""sub096"", ""sub097"", ""sub098"", ""sub099"", ""sub100"", ""sub102"", ""sub104"", ""sub106"", ""sub107"", ""sub108"", ""sub109"", ""sub110"", ""sub111"", ""sub112"", ""sub113"", ""sub114"", ""sub115"", ""sub116"", ""sub117"", ""sub118"", ""sub119"", ""sub120"", ""sub121"", ""sub122""]","[""sub000"", ""sub031"", ""sub032"", ""sub036"", ""sub046"", ""sub047"", ""sub054"", ""sub075"", ""sub088"", ""sub101"", ""sub103"", ""sub105""]","sub044","single processed collection","sorted subject IDs; per-target NumPy SeedSequence([seed, fold_index]); permute remaining source IDs; first ceil(validation_fraction*N_source) are validation","20261001"
"FACED","emotion","sub045","[""sub000"", ""sub001"", ""sub002"", ""sub003"", ""sub004"", ""sub005"", ""sub006"", ""sub007"", ""sub008"", ""sub009"", ""sub010"", ""sub011"", ""sub012"", ""sub013"", ""sub014"", ""sub015"", ""sub016"", ""sub017"", ""sub018"", ""sub019"", ""sub020"", ""sub021"", ""sub022"", ""sub023"", ""sub024"", ""sub026"", ""sub027"", ""sub028"", ""sub029"", ""sub030"", ""sub032"", ""sub033"", ""sub034"", ""sub035"", ""sub036"", ""sub037"", ""sub038"", ""sub039"", ""sub040"", ""sub041"", ""sub042"", ""sub043"", ""sub044"", ""sub046"", ""sub047"", ""sub049"", ""sub050"", ""sub051"", ""sub053"", ""sub054"", ""sub055"", ""sub057"", ""sub058"", ""sub059"", ""sub060"", ""sub061"", ""sub062"", ""sub063"", ""sub064"", ""sub065"", ""sub066"", ""sub067"", ""sub069"", ""sub070"", ""sub071"", ""sub072"", ""sub073"", ""sub074"", ""sub075"", ""sub076"", ""sub077"", ""sub078"", ""sub079"", ""sub080"", ""sub081"", ""sub082"", ""sub083"", ""sub085"", ""sub086"", ""sub087"", ""sub088"", ""sub089"", ""sub090"", ""sub091"", ""sub092"", ""sub093"", ""sub094"", ""sub097"", ""sub098"", ""sub100"", ""sub101"", ""sub102"", ""sub103"", ""sub104"", ""sub105"", ""sub106"", ""sub108"", ""sub109"", ""sub110"", ""sub111"", ""sub112"", ""sub113"", ""sub114"", ""sub115"", ""sub116"", ""sub117"", ""sub118"", ""sub119"", ""sub121"", ""sub122""]","[""sub025"", ""sub031"", ""sub048"", ""sub052"", ""sub056"", ""sub068"", ""sub084"", ""sub095"", ""sub096"", ""sub099"", ""sub107"", ""sub120""]","sub045","single processed collection","sorted subject IDs; per-target NumPy SeedSequence([seed, fold_index]); permute remaining source IDs; first ceil(validation_fraction*N_source) are validation","20261001"
"FACED","emotion","sub046","[""sub000"", ""sub001"", ""sub003"", ""sub004"", ""sub005"", ""sub006"", ""sub007"", ""sub008"", ""sub009"", ""sub010"", ""sub011"", ""sub012"", ""sub013"", ""sub014"", ""sub015"", ""sub016"", ""sub018"", ""sub019"", ""sub020"", ""sub021"", ""sub022"", ""sub023"", ""sub024"", ""sub025"", ""sub026"", ""sub027"", ""sub028"", ""sub029"", ""sub030"", ""sub032"", ""sub033"", ""sub034"", ""sub035"", ""sub036"", ""sub037"", ""sub038"", ""sub039"", ""sub040"", ""sub041"", ""sub042"", ""sub043"", ""sub044"", ""sub045"", ""sub047"", ""sub048"", ""sub049"", ""sub050"", ""sub051"", ""sub052"", ""sub053"", ""sub054"", ""sub055"", ""sub056"", ""sub057"", ""sub058"", ""sub059"", ""sub060"", ""sub061"", ""sub062"", ""sub063"", ""sub064"", ""sub065"", ""sub066"", ""sub067"", ""sub068"", ""sub069"", ""sub070"", ""sub071"", ""sub072"", ""sub073"", ""sub074"", ""sub075"", ""sub076"", ""sub078"", ""sub079"", ""sub080"", ""sub081"", ""sub082"", ""sub084"", ""sub086"", ""sub087"", ""sub088"", ""sub089"", ""sub090"", ""sub092"", ""sub094"", ""sub095"", ""sub096"", ""sub097"", ""sub098"", ""sub099"", ""sub101"", ""sub102"", ""sub103"", ""sub104"", ""sub105"", ""sub106"", ""sub107"", ""sub108"", ""sub109"", ""sub110"", ""sub111"", ""sub112"", ""sub113"", ""sub114"", ""sub115"", ""sub116"", ""sub118"", ""sub119"", ""sub120""]","[""sub002"", ""sub017"", ""sub031"", ""sub077"", ""sub083"", ""sub085"", ""sub091"", ""sub093"", ""sub100"", ""sub117"", ""sub121"", ""sub122""]","sub046","single processed collection","sorted subject IDs; per-target NumPy SeedSequence([seed, fold_index]); permute remaining source IDs; first ceil(validation_fraction*N_source) are validation","20261001"
"FACED","emotion","sub047","[""sub000"", ""sub001"", ""sub002"", ""sub003"", ""sub004"", ""sub005"", ""sub006"", ""sub007"", ""sub008"", ""sub009"", ""sub010"", ""sub011"", ""sub012"", ""sub013"", ""sub014"", ""sub015"", ""sub016"", ""sub017"", ""sub018"", ""sub019"", ""sub020"", ""sub021"", ""sub022"", ""sub023"", ""sub024"", ""sub025"", ""sub026"", ""sub027"", ""sub028"", ""sub029"", ""sub030"", ""sub031"", ""sub032"", ""sub034"", ""sub035"", ""sub037"", ""sub038"", ""sub040"", ""sub042"", ""sub043"", ""sub044"", ""sub045"", ""sub046"", ""sub048"", ""sub049"", ""sub051"", ""sub052"", ""sub053"", ""sub054"", ""sub055"", ""sub057"", ""sub058"", ""sub059"", ""sub060"", ""sub061"", ""sub062"", ""sub063"", ""sub064"", ""sub065"", ""sub066"", ""sub067"", ""sub068"", ""sub069"", ""sub070"", ""sub071"", ""sub072"", ""sub073"", ""sub074"", ""sub075"", ""sub076"", ""sub077"", ""sub078"", ""sub079"", ""sub080"", ""sub081"", ""sub082"", ""sub084"", ""sub086"", ""sub087"", ""sub088"", ""sub089"", ""sub090"", ""sub091"", ""sub093"", ""sub094"", ""sub095"", ""sub096"", ""sub097"", ""sub098"", ""sub099"", ""sub100"", ""sub101"", ""sub102"", ""sub103"", ""sub104"", ""sub106"", ""sub107"", ""sub109"", ""sub110"", ""sub111"", ""sub112"", ""sub113"", ""sub114"", ""sub115"", ""sub116"", ""sub117"", ""sub118"", ""sub119"", ""sub120"", ""sub122""]","[""sub033"", ""sub036"", ""sub039"", ""sub041"", ""sub050"", ""sub056"", ""sub083"", ""sub085"", ""sub092"", ""sub105"", ""sub108"", ""sub121""]","sub047","single processed collection","sorted subject IDs; per-target NumPy SeedSequence([seed, fold_index]); permute remaining source IDs; first ceil(validation_fraction*N_source) are validation","20261001"
"FACED","emotion","sub048","[""sub000"", ""sub001"", ""sub003"", ""sub005"", ""sub006"", ""sub007"", ""sub008"", ""sub009"", ""sub010"", ""sub012"", ""sub013"", ""sub014"", ""sub015"", ""sub016"", ""sub017"", ""sub018"", ""sub019"", ""sub020"", ""sub021"", ""sub023"", ""sub024"", ""sub025"", ""sub026"", ""sub027"", ""sub028"", ""sub030"", ""sub031"", ""sub032"", ""sub033"", ""sub034"", ""sub035"", ""sub036"", ""sub037"", ""sub038"", ""sub040"", ""sub041"", ""sub042"", ""sub043"", ""sub044"", ""sub045"", ""sub046"", ""sub047"", ""sub049"", ""sub050"", ""sub051"", ""sub052"", ""sub053"", ""sub054"", ""sub055"", ""sub056"", ""sub057"", ""sub058"", ""sub059"", ""sub060"", ""sub061"", ""sub062"", ""sub063"", ""sub064"", ""sub065"", ""sub066"", ""sub067"", ""sub068"", ""sub069"", ""sub070"", ""sub071"", ""sub073"", ""sub074"", ""sub075"", ""sub076"", ""sub077"", ""sub079"", ""sub080"", ""sub081"", ""sub082"", ""sub083"", ""sub084"", ""sub085"", ""sub086"", ""sub087"", ""sub088"", ""sub089"", ""sub090"", ""sub091"", ""sub092"", ""sub094"", ""sub095"", ""sub097"", ""sub098"", ""sub099"", ""sub100"", ""sub101"", ""sub102"", ""sub103"", ""sub104"", ""sub105"", ""sub106"", ""sub107"", ""sub108"", ""sub109"", ""sub111"", ""sub112"", ""sub113"", ""sub114"", ""sub115"", ""sub116"", ""sub118"", ""sub119"", ""sub120"", ""sub121"", ""sub122""]","[""sub002"", ""sub004"", ""sub011"", ""sub022"", ""sub029"", ""sub039"", ""sub072"", ""sub078"", ""sub093"", ""sub096"", ""sub110"", ""sub117""]","sub048","single processed collection","sorted subject IDs; per-target NumPy SeedSequence([seed, fold_index]); permute remaining source IDs; first ceil(validation_fraction*N_source) are validation","20261001"
"FACED","emotion","sub049","[""sub000"", ""sub001"", ""sub003"", ""sub004"", ""sub005"", ""sub006"", ""sub007"", ""sub008"", ""sub009"", ""sub010"", ""sub011"", ""sub013"", ""sub014"", ""sub015"", ""sub016"", ""sub017"", ""sub018"", ""sub019"", ""sub020"", ""sub021"", ""sub023"", ""sub024"", ""sub025"", ""sub026"", ""sub027"", ""sub028"", ""sub029"", ""sub030"", ""sub031"", ""sub032"", ""sub033"", ""sub034"", ""sub035"", ""sub036"", ""sub038"", ""sub039"", ""sub040"", ""sub041"", ""sub042"", ""sub043"", ""sub044"", ""sub045"", ""sub046"", ""sub047"", ""sub048"", ""sub051"", ""sub052"", ""sub053"", ""sub054"", ""sub055"", ""sub056"", ""sub057"", ""sub058"", ""sub059"", ""sub060"", ""sub061"", ""sub062"", ""sub063"", ""sub064"", ""sub065"", ""sub066"", ""sub067"", ""sub068"", ""sub069"", ""sub071"", ""sub072"", ""sub073"", ""sub074"", ""sub075"", ""sub076"", ""sub080"", ""sub081"", ""sub082"", ""sub083"", ""sub084"", ""sub085"", ""sub086"", ""sub087"", ""sub088"", ""sub089"", ""sub090"", ""sub091"", ""sub092"", ""sub093"", ""sub094"", ""sub095"", ""sub096"", ""sub097"", ""sub098"", ""sub099"", ""sub100"", ""sub101"", ""sub102"", ""sub103"", ""sub104"", ""sub105"", ""sub106"", ""sub107"", ""sub108"", ""sub109"", ""sub110"", ""sub112"", ""sub113"", ""sub114"", ""sub115"", ""sub116"", ""sub118"", ""sub120"", ""sub121"", ""sub122""]","[""sub002"", ""sub012"", ""sub022"", ""sub037"", ""sub050"", ""sub070"", ""sub077"", ""sub078"", ""sub079"", ""sub111"", ""sub117"", ""sub119""]","sub049","single processed collection","sorted subject IDs; per-target NumPy SeedSequence([seed, fold_index]); permute remaining source IDs; first ceil(validation_fraction*N_source) are validation","20261001"
"FACED","emotion","sub050","[""sub000"", ""sub001"", ""sub002"", ""sub003"", ""sub004"", ""sub005"", ""sub006"", ""sub007"", ""sub008"", ""sub009"", ""sub010"", ""sub011"", ""sub012"", ""sub013"", ""sub014"", ""sub015"", ""sub016"", ""sub017"", ""sub018"", ""sub019"", ""sub021"", ""sub022"", ""sub023"", ""sub024"", ""sub025"", ""sub026"", ""sub028"", ""sub029"", ""sub030"", ""sub031"", ""sub032"", ""sub033"", ""sub034"", ""sub035"", ""sub036"", ""sub037"", ""sub038"", ""sub039"", ""sub040"", ""sub041"", ""sub042"", ""sub043"", ""sub044"", ""sub045"", ""sub046"", ""sub047"", ""sub049"", ""sub051"", ""sub052"", ""sub055"", ""sub056"", ""sub057"", ""sub058"", ""sub060"", ""sub062"", ""sub063"", ""sub064"", ""sub065"", ""sub066"", ""sub067"", ""sub068"", ""sub069"", ""sub070"", ""sub071"", ""sub074"", ""sub075"", ""sub076"", ""sub077"", ""sub078"", ""sub079"", ""sub080"", ""sub081"", ""sub082"", ""sub083"", ""sub085"", ""sub086"", ""sub087"", ""sub088"", ""sub089"", ""sub090"", ""sub091"", ""sub092"", ""sub093"", ""sub094"", ""sub095"", ""sub097"", ""sub098"", ""sub099"", ""sub100"", ""sub101"", ""sub102"", ""sub103"", ""sub104"", ""sub105"", ""sub106"", ""sub107"", ""sub108"", ""sub109"", ""sub110"", ""sub111"", ""sub112"", ""sub113"", ""sub114"", ""sub115"", ""sub117"", ""sub118"", ""sub119"", ""sub120"", ""sub121"", ""sub122""]","[""sub020"", ""sub027"", ""sub048"", ""sub053"", ""sub054"", ""sub059"", ""sub061"", ""sub072"", ""sub073"", ""sub084"", ""sub096"", ""sub116""]","sub050","single processed collection","sorted subject IDs; per-target NumPy SeedSequence([seed, fold_index]); permute remaining source IDs; first ceil(validation_fraction*N_source) are validation","20261001"
"FACED","emotion","sub051","[""sub000"", ""sub001"", ""sub002"", ""sub003"", ""sub004"", ""sub005"", ""sub006"", ""sub007"", ""sub008"", ""sub009"", ""sub010"", ""sub011"", ""sub012"", ""sub013"", ""sub014"", ""sub015"", ""sub016"", ""sub017"", ""sub018"", ""sub019"", ""sub020"", ""sub021"", ""sub022"", ""sub024"", ""sub025"", ""sub026"", ""sub027"", ""sub028"", ""sub029"", ""sub030"", ""sub032"", ""sub033"", ""sub034"", ""sub036"", ""sub037"", ""sub038"", ""sub039"", ""sub040"", ""sub041"", ""sub042"", ""sub043"", ""sub044"", ""sub045"", ""sub046"", ""sub047"", ""sub048"", ""sub049"", ""sub050"", ""sub052"", ""sub053"", ""sub054"", ""sub055"", ""sub056"", ""sub057"", ""sub058"", ""sub059"", ""sub060"", ""sub061"", ""sub062"", ""sub063"", ""sub064"", ""sub065"", ""sub066"", ""sub067"", ""sub068"", ""sub069"", ""sub071"", ""sub073"", ""sub075"", ""sub076"", ""sub077"", ""sub079"", ""sub080"", ""sub081"", ""sub082"", ""sub083"", ""sub085"", ""sub086"", ""sub087"", ""sub088"", ""sub090"", ""sub091"", ""sub092"", ""sub093"", ""sub094"", ""sub095"", ""sub096"", ""sub098"", ""sub099"", ""sub100"", ""sub101"", ""sub103"", ""sub104"", ""sub105"", ""sub106"", ""sub107"", ""sub108"", ""sub109"", ""sub110"", ""sub111"", ""sub112"", ""sub113"", ""sub114"", ""sub116"", ""sub117"", ""sub118"", ""sub119"", ""sub120"", ""sub121"", ""sub122""]","[""sub023"", ""sub031"", ""sub035"", ""sub070"", ""sub072"", ""sub074"", ""sub078"", ""sub084"", ""sub089"", ""sub097"", ""sub102"", ""sub115""]","sub051","single processed collection","sorted subject IDs; per-target NumPy SeedSequence([seed, fold_index]); permute remaining source IDs; first ceil(validation_fraction*N_source) are validation","20261001"
"FACED","emotion","sub052","[""sub000"", ""sub001"", ""sub002"", ""sub003"", ""sub004"", ""sub007"", ""sub008"", ""sub010"", ""sub011"", ""sub012"", ""sub014"", ""sub015"", ""sub016"", ""sub017"", ""sub019"", ""sub020"", ""sub022"", ""sub023"", ""sub024"", ""sub025"", ""sub026"", ""sub027"", ""sub029"", ""sub030"", ""sub031"", ""sub032"", ""sub033"", ""sub034"", ""sub035"", ""sub037"", ""sub038"", ""sub039"", ""sub040"", ""sub041"", ""sub042"", ""sub043"", ""sub044"", ""sub045"", ""sub046"", ""sub047"", ""sub048"", ""sub049"", ""sub050"", ""sub051"", ""sub053"", ""sub054"", ""sub055"", ""sub056"", ""sub057"", ""sub058"", ""sub059"", ""sub060"", ""sub061"", ""sub062"", ""sub063"", ""sub064"", ""sub065"", ""sub066"", ""sub067"", ""sub068"", ""sub069"", ""sub070"", ""sub071"", ""sub072"", ""sub073"", ""sub075"", ""sub076"", ""sub077"", ""sub078"", ""sub079"", ""sub080"", ""sub081"", ""sub082"", ""sub083"", ""sub084"", ""sub085"", ""sub086"", ""sub087"", ""sub088"", ""sub089"", ""sub090"", ""sub091"", ""sub092"", ""sub094"", ""sub095"", ""sub096"", ""sub097"", ""sub098"", ""sub099"", ""sub101"", ""sub102"", ""sub103"", ""sub104"", ""sub105"", ""sub106"", ""sub107"", ""sub108"", ""sub109"", ""sub110"", ""sub111"", ""sub112"", ""sub113"", ""sub114"", ""sub115"", ""sub116"", ""sub117"", ""sub118"", ""sub119"", ""sub120"", ""sub122""]","[""sub005"", ""sub006"", ""sub009"", ""sub013"", ""sub018"", ""sub021"", ""sub028"", ""sub036"", ""sub074"", ""sub093"", ""sub100"", ""sub121""]","sub052","single processed collection","sorted subject IDs; per-target NumPy SeedSequence([seed, fold_index]); permute remaining source IDs; first ceil(validation_fraction*N_source) are validation","20261001"
"FACED","emotion","sub053","[""sub000"", ""sub001"", ""sub002"", ""sub003"", ""sub004"", ""sub005"", ""sub007"", ""sub008"", ""sub009"", ""sub010"", ""sub011"", ""sub013"", ""sub014"", ""sub015"", ""sub016"", ""sub017"", ""sub018"", ""sub019"", ""sub020"", ""sub021"", ""sub022"", ""sub023"", ""sub024"", ""sub025"", ""sub026"", ""sub028"", ""sub029"", ""sub030"", ""sub031"", ""sub032"", ""sub033"", ""sub034"", ""sub035"", ""sub036"", ""sub037"", ""sub038"", ""sub039"", ""sub040"", ""sub041"", ""sub043"", ""sub044"", ""sub045"", ""sub046"", ""sub047"", ""sub048"", ""sub049"", ""sub050"", ""sub054"", ""sub055"", ""sub056"", ""sub057"", ""sub058"", ""sub060"", ""sub061"", ""sub062"", ""sub063"", ""sub064"", ""sub065"", ""sub066"", ""sub067"", ""sub068"", ""sub069"", ""sub070"", ""sub071"", ""sub072"", ""sub073"", ""sub074"", ""sub075"", ""sub079"", ""sub080"", ""sub081"", ""sub082"", ""sub083"", ""sub084"", ""sub085"", ""sub086"", ""sub087"", ""sub088"", ""sub089"", ""sub090"", ""sub091"", ""sub092"", ""sub094"", ""sub095"", ""sub096"", ""sub097"", ""sub098"", ""sub099"", ""sub100"", ""sub101"", ""sub102"", ""sub103"", ""sub104"", ""sub105"", ""sub106"", ""sub107"", ""sub109"", ""sub110"", ""sub111"", ""sub112"", ""sub113"", ""sub114"", ""sub115"", ""sub116"", ""sub117"", ""sub118"", ""sub119"", ""sub120"", ""sub121"", ""sub122""]","[""sub006"", ""sub012"", ""sub027"", ""sub042"", ""sub051"", ""sub052"", ""sub059"", ""sub076"", ""sub077"", ""sub078"", ""sub093"", ""sub108""]","sub053","single processed collection","sorted subject IDs; per-target NumPy SeedSequence([seed, fold_index]); permute remaining source IDs; first ceil(validation_fraction*N_source) are validation","20261001"
"FACED","emotion","sub054","[""sub000"", ""sub001"", ""sub002"", ""sub003"", ""sub005"", ""sub006"", ""sub007"", ""sub008"", ""sub009"", ""sub010"", ""sub011"", ""sub012"", ""sub013"", ""sub014"", ""sub015"", ""sub016"", ""sub018"", ""sub019"", ""sub020"", ""sub021"", ""sub022"", ""sub023"", ""sub024"", ""sub026"", ""sub027"", ""sub028"", ""sub029"", ""sub030"", ""sub031"", ""sub032"", ""sub033"", ""sub034"", ""sub035"", ""sub036"", ""sub037"", ""sub038"", ""sub039"", ""sub040"", ""sub041"", ""sub042"", ""sub044"", ""sub045"", ""sub046"", ""sub047"", ""sub049"", ""sub050"", ""sub051"", ""sub052"", ""sub053"", ""sub055"", ""sub056"", ""sub057"", ""sub058"", ""sub059"", ""sub060"", ""sub061"", ""sub062"", ""sub064"", ""sub065"", ""sub066"", ""sub067"", ""sub068"", ""sub069"", ""sub070"", ""sub072"", ""sub073"", ""sub074"", ""sub075"", ""sub076"", ""sub077"", ""sub079"", ""sub080"", ""sub081"", ""sub083"", ""sub084"", ""sub085"", ""sub086"", ""sub087"", ""sub088"", ""sub089"", ""sub090"", ""sub091"", ""sub092"", ""sub093"", ""sub094"", ""sub095"", ""sub096"", ""sub097"", ""sub098"", ""sub100"", ""sub101"", ""sub102"", ""sub103"", ""sub104"", ""sub105"", ""sub106"", ""sub107"", ""sub109"", ""sub110"", ""sub112"", ""sub113"", ""sub114"", ""sub115"", ""sub116"", ""sub117"", ""sub118"", ""sub119"", ""sub120"", ""sub121"", ""sub122""]","[""sub004"", ""sub017"", ""sub025"", ""sub043"", ""sub048"", ""sub063"", ""sub071"", ""sub078"", ""sub082"", ""sub099"", ""sub108"", ""sub111""]","sub054","single processed collection","sorted subject IDs; per-target NumPy SeedSequence([seed, fold_index]); permute remaining source IDs; first ceil(validation_fraction*N_source) are validation","20261001"
"FACED","emotion","sub055","[""sub000"", ""sub001"", ""sub002"", ""sub003"", ""sub004"", ""sub005"", ""sub006"", ""sub008"", ""sub009"", ""sub010"", ""sub011"", ""sub012"", ""sub013"", ""sub014"", ""sub016"", ""sub017"", ""sub018"", ""sub019"", ""sub023"", ""sub024"", ""sub025"", ""sub026"", ""sub027"", ""sub028"", ""sub029"", ""sub031"", ""sub032"", ""sub033"", ""sub034"", ""sub035"", ""sub036"", ""sub037"", ""sub038"", ""sub039"", ""sub040"", ""sub041"", ""sub042"", ""sub043"", ""sub044"", ""sub045"", ""sub047"", ""sub048"", ""sub049"", ""sub050"", ""sub051"", ""sub052"", ""sub053"", ""sub054"", ""sub056"", ""sub057"", ""sub058"", ""sub059"", ""sub060"", ""sub061"", ""sub062"", ""sub064"", ""sub066"", ""sub067"", ""sub068"", ""sub069"", ""sub070"", ""sub071"", ""sub072"", ""sub073"", ""sub074"", ""sub076"", ""sub077"", ""sub078"", ""sub079"", ""sub080"", ""sub081"", ""sub082"", ""sub083"", ""sub084"", ""sub085"", ""sub086"", ""sub087"", ""sub088"", ""sub089"", ""sub090"", ""sub091"", ""sub092"", ""sub093"", ""sub094"", ""sub095"", ""sub096"", ""sub097"", ""sub098"", ""sub099"", ""sub100"", ""sub101"", ""sub102"", ""sub103"", ""sub104"", ""sub105"", ""sub106"", ""sub108"", ""sub109"", ""sub110"", ""sub111"", ""sub112"", ""sub113"", ""sub114"", ""sub115"", ""sub116"", ""sub118"", ""sub119"", ""sub120"", ""sub121"", ""sub122""]","[""sub007"", ""sub015"", ""sub020"", ""sub021"", ""sub022"", ""sub030"", ""sub046"", ""sub063"", ""sub065"", ""sub075"", ""sub107"", ""sub117""]","sub055","single processed collection","sorted subject IDs; per-target NumPy SeedSequence([seed, fold_index]); permute remaining source IDs; first ceil(validation_fraction*N_source) are validation","20261001"
"FACED","emotion","sub056","[""sub000"", ""sub001"", ""sub003"", ""sub004"", ""sub005"", ""sub006"", ""sub007"", ""sub009"", ""sub010"", ""sub011"", ""sub012"", ""sub013"", ""sub014"", ""sub015"", ""sub016"", ""sub017"", ""sub018"", ""sub020"", ""sub021"", ""sub022"", ""sub023"", ""sub024"", ""sub025"", ""sub026"", ""sub027"", ""sub028"", ""sub029"", ""sub031"", ""sub032"", ""sub033"", ""sub034"", ""sub035"", ""sub036"", ""sub037"", ""sub038"", ""sub039"", ""sub040"", ""sub042"", ""sub043"", ""sub044"", ""sub045"", ""sub046"", ""sub048"", ""sub049"", ""sub051"", ""sub052"", ""sub053"", ""sub054"", ""sub055"", ""sub057"", ""sub058"", ""sub059"", ""sub060"", ""sub061"", ""sub063"", ""sub064"", ""sub065"", ""sub066"", ""sub067"", ""sub068"", ""sub069"", ""sub070"", ""sub071"", ""sub072"", ""sub073"", ""sub074"", ""sub075"", ""sub076"", ""sub077"", ""sub078"", ""sub079"", ""sub080"", ""sub081"", ""sub082"", ""sub083"", ""sub085"", ""sub086"", ""sub087"", ""sub088"", ""sub089"", ""sub090"", ""sub091"", ""sub092"", ""sub093"", ""sub094"", ""sub095"", ""sub096"", ""sub097"", ""sub098"", ""sub099"", ""sub101"", ""sub102"", ""sub103"", ""sub104"", ""sub105"", ""sub106"", ""sub107"", ""sub108"", ""sub109"", ""sub110"", ""sub111"", ""sub112"", ""sub114"", ""sub115"", ""sub116"", ""sub118"", ""sub119"", ""sub120"", ""sub121"", ""sub122""]","[""sub002"", ""sub008"", ""sub019"", ""sub030"", ""sub041"", ""sub047"", ""sub050"", ""sub062"", ""sub084"", ""sub100"", ""sub113"", ""sub117""]","sub056","single processed collection","sorted subject IDs; per-target NumPy SeedSequence([seed, fold_index]); permute remaining source IDs; first ceil(validation_fraction*N_source) are validation","20261001"
"FACED","emotion","sub057","[""sub000"", ""sub001"", ""sub002"", ""sub003"", ""sub004"", ""sub005"", ""sub006"", ""sub007"", ""sub008"", ""sub009"", ""sub010"", ""sub011"", ""sub012"", ""sub013"", ""sub014"", ""sub015"", ""sub016"", ""sub017"", ""sub018"", ""sub019"", ""sub020"", ""sub021"", ""sub022"", ""sub023"", ""sub024"", ""sub025"", ""sub027"", ""sub028"", ""sub029"", ""sub030"", ""sub031"", ""sub033"", ""sub034"", ""sub035"", ""sub036"", ""sub037"", ""sub038"", ""sub039"", ""sub040"", ""sub041"", ""sub042"", ""sub043"", ""sub044"", ""sub045"", ""sub046"", ""sub047"", ""sub048"", ""sub049"", ""sub050"", ""sub051"", ""sub052"", ""sub054"", ""sub055"", ""sub056"", ""sub058"", ""sub060"", ""sub061"", ""sub062"", ""sub063"", ""sub065"", ""sub066"", ""sub069"", ""sub070"", ""sub072"", ""sub073"", ""sub075"", ""sub076"", ""sub077"", ""sub078"", ""sub080"", ""sub081"", ""sub082"", ""sub083"", ""sub084"", ""sub085"", ""sub086"", ""sub088"", ""sub089"", ""sub090"", ""sub091"", ""sub092"", ""sub093"", ""sub094"", ""sub095"", ""sub096"", ""sub097"", ""sub098"", ""sub099"", ""sub100"", ""sub101"", ""sub103"", ""sub104"", ""sub105"", ""sub106"", ""sub107"", ""sub108"", ""sub109"", ""sub110"", ""sub111"", ""sub112"", ""sub113"", ""sub114"", ""sub115"", ""sub116"", ""sub117"", ""sub118"", ""sub119"", ""sub120"", ""sub121"", ""sub122""]","[""sub026"", ""sub032"", ""sub053"", ""sub059"", ""sub064"", ""sub067"", ""sub068"", ""sub071"", ""sub074"", ""sub079"", ""sub087"", ""sub102""]","sub057","single processed collection","sorted subject IDs; per-target NumPy SeedSequence([seed, fold_index]); permute remaining source IDs; first ceil(validation_fraction*N_source) are validation","20261001"
"FACED","emotion","sub058","[""sub000"", ""sub001"", ""sub002"", ""sub003"", ""sub004"", ""sub005"", ""sub006"", ""sub007"", ""sub008"", ""sub009"", ""sub010"", ""sub011"", ""sub012"", ""sub013"", ""sub014"", ""sub015"", ""sub016"", ""sub017"", ""sub018"", ""sub019"", ""sub020"", ""sub021"", ""sub022"", ""sub024"", ""sub025"", ""sub026"", ""sub027"", ""sub028"", ""sub029"", ""sub030"", ""sub031"", ""sub033"", ""sub034"", ""sub036"", ""sub037"", ""sub038"", ""sub039"", ""sub041"", ""sub042"", ""sub043"", ""sub044"", ""sub046"", ""sub049"", ""sub050"", ""sub051"", ""sub052"", ""sub053"", ""sub054"", ""sub055"", ""sub056"", ""sub057"", ""sub059"", ""sub060"", ""sub062"", ""sub063"", ""sub065"", ""sub067"", ""sub068"", ""sub069"", ""sub070"", ""sub072"", ""sub073"", ""sub074"", ""sub075"", ""sub076"", ""sub077"", ""sub078"", ""sub079"", ""sub080"", ""sub081"", ""sub082"", ""sub083"", ""sub084"", ""sub085"", ""sub086"", ""sub087"", ""sub088"", ""sub089"", ""sub090"", ""sub091"", ""sub092"", ""sub093"", ""sub094"", ""sub095"", ""sub096"", ""sub097"", ""sub098"", ""sub099"", ""sub100"", ""sub101"", ""sub102"", ""sub103"", ""sub104"", ""sub105"", ""sub106"", ""sub107"", ""sub108"", ""sub109"", ""sub110"", ""sub111"", ""sub112"", ""sub113"", ""sub114"", ""sub115"", ""sub116"", ""sub117"", ""sub118"", ""sub119"", ""sub120"", ""sub122""]","[""sub023"", ""sub032"", ""sub035"", ""sub040"", ""sub045"", ""sub047"", ""sub048"", ""sub061"", ""sub064"", ""sub066"", ""sub071"", ""sub121""]","sub058","single processed collection","sorted subject IDs; per-target NumPy SeedSequence([seed, fold_index]); permute remaining source IDs; first ceil(validation_fraction*N_source) are validation","20261001"
"FACED","emotion","sub059","[""sub000"", ""sub001"", ""sub002"", ""sub003"", ""sub004"", ""sub005"", ""sub006"", ""sub007"", ""sub008"", ""sub009"", ""sub011"", ""sub013"", ""sub014"", ""sub015"", ""sub016"", ""sub017"", ""sub018"", ""sub020"", ""sub021"", ""sub022"", ""sub023"", ""sub024"", ""sub025"", ""sub026"", ""sub027"", ""sub028"", ""sub029"", ""sub030"", ""sub031"", ""sub032"", ""sub033"", ""sub034"", ""sub035"", ""sub037"", ""sub038"", ""sub039"", ""sub040"", ""sub041"", ""sub042"", ""sub043"", ""sub044"", ""sub045"", ""sub046"", ""sub047"", ""sub048"", ""sub049"", ""sub050"", ""sub052"", ""sub053"", ""sub055"", ""sub056"", ""sub057"", ""sub058"", ""sub060"", ""sub061"", ""sub062"", ""sub063"", ""sub064"", ""sub065"", ""sub066"", ""sub067"", ""sub068"", ""sub069"", ""sub070"", ""sub071"", ""sub072"", ""sub073"", ""sub074"", ""sub075"", ""sub076"", ""sub077"", ""sub078"", ""sub079"", ""sub080"", ""sub081"", ""sub083"", ""sub084"", ""sub085"", ""sub087"", ""sub088"", ""sub089"", ""sub090"", ""sub091"", ""sub092"", ""sub093"", ""sub094"", ""sub095"", ""sub096"", ""sub097"", ""sub098"", ""sub099"", ""sub100"", ""sub102"", ""sub104"", ""sub105"", ""sub106"", ""sub107"", ""sub108"", ""sub111"", ""sub112"", ""sub113"", ""sub114"", ""sub115"", ""sub116"", ""sub117"", ""sub118"", ""sub119"", ""sub120"", ""sub121"", ""sub122""]","[""sub010"", ""sub012"", ""sub019"", ""sub036"", ""sub051"", ""sub054"", ""sub082"", ""sub086"", ""sub101"", ""sub103"", ""sub109"", ""sub110""]","sub059","single processed collection","sorted subject IDs; per-target NumPy SeedSequence([seed, fold_index]); permute remaining source IDs; first ceil(validation_fraction*N_source) are validation","20261001"
"FACED","emotion","sub060","[""sub000"", ""sub001"", ""sub003"", ""sub004"", ""sub005"", ""sub006"", ""sub007"", ""sub008"", ""sub009"", ""sub010"", ""sub011"", ""sub012"", ""sub013"", ""sub014"", ""sub015"", ""sub016"", ""sub017"", ""sub018"", ""sub021"", ""sub022"", ""sub024"", ""sub025"", ""sub026"", ""sub027"", ""sub028"", ""sub029"", ""sub030"", ""sub031"", ""sub032"", ""sub033"", ""sub035"", ""sub038"", ""sub039"", ""sub040"", ""sub041"", ""sub042"", ""sub043"", ""sub044"", ""sub045"", ""sub046"", ""sub047"", ""sub048"", ""sub049"", ""sub050"", ""sub051"", ""sub052"", ""sub053"", ""sub054"", ""sub055"", ""sub056"", ""sub057"", ""sub058"", ""sub059"", ""sub061"", ""sub062"", ""sub063"", ""sub064"", ""sub065"", ""sub066"", ""sub067"", ""sub068"", ""sub069"", ""sub070"", ""sub071"", ""sub072"", ""sub073"", ""sub074"", ""sub075"", ""sub076"", ""sub077"", ""sub078"", ""sub079"", ""sub080"", ""sub081"", ""sub082"", ""sub083"", ""sub084"", ""sub085"", ""sub086"", ""sub087"", ""sub088"", ""sub089"", ""sub090"", ""sub091"", ""sub092"", ""sub093"", ""sub094"", ""sub095"", ""sub097"", ""sub098"", ""sub099"", ""sub100"", ""sub101"", ""sub102"", ""sub104"", ""sub105"", ""sub106"", ""sub108"", ""sub109"", ""sub110"", ""sub111"", ""sub112"", ""sub113"", ""sub115"", ""sub116"", ""sub117"", ""sub119"", ""sub120"", ""sub121"", ""sub122""]","[""sub002"", ""sub019"", ""sub020"", ""sub023"", ""sub034"", ""sub036"", ""sub037"", ""sub096"", ""sub103"", ""sub107"", ""sub114"", ""sub118""]","sub060","single processed collection","sorted subject IDs; per-target NumPy SeedSequence([seed, fold_index]); permute remaining source IDs; first ceil(validation_fraction*N_source) are validation","20261001"
"FACED","emotion","sub061","[""sub000"", ""sub001"", ""sub002"", ""sub003"", ""sub004"", ""sub005"", ""sub006"", ""sub007"", ""sub008"", ""sub009"", ""sub010"", ""sub012"", ""sub013"", ""sub014"", ""sub017"", ""sub018"", ""sub019"", ""sub020"", ""sub021"", ""sub023"", ""sub024"", ""sub025"", ""sub026"", ""sub027"", ""sub028"", ""sub029"", ""sub030"", ""sub031"", ""sub032"", ""sub033"", ""sub034"", ""sub035"", ""sub036"", ""sub037"", ""sub038"", ""sub039"", ""sub040"", ""sub041"", ""sub042"", ""sub043"", ""sub044"", ""sub045"", ""sub046"", ""sub047"", ""sub048"", ""sub049"", ""sub050"", ""sub051"", ""sub052"", ""sub053"", ""sub054"", ""sub057"", ""sub058"", ""sub060"", ""sub062"", ""sub063"", ""sub064"", ""sub065"", ""sub066"", ""sub067"", ""sub068"", ""sub069"", ""sub070"", ""sub071"", ""sub073"", ""sub075"", ""sub076"", ""sub077"", ""sub078"", ""sub079"", ""sub080"", ""sub081"", ""sub082"", ""sub083"", ""sub085"", ""sub086"", ""sub087"", ""sub089"", ""sub090"", ""sub091"", ""sub092"", ""sub093"", ""sub094"", ""sub095"", ""sub096"", ""sub097"", ""sub098"", ""sub099"", ""sub100"", ""sub101"", ""sub102"", ""sub103"", ""sub104"", ""sub105"", ""sub106"", ""sub107"", ""sub108"", ""sub109"", ""sub110"", ""sub111"", ""sub112"", ""sub113"", ""sub114"", ""sub115"", ""sub117"", ""sub118"", ""sub119"", ""sub120"", ""sub121"", ""sub122""]","[""sub011"", ""sub015"", ""sub016"", ""sub022"", ""sub055"", ""sub056"", ""sub059"", ""sub072"", ""sub074"", ""sub084"", ""sub088"", ""sub116""]","sub061","single processed collection","sorted subject IDs; per-target NumPy SeedSequence([seed, fold_index]); permute remaining source IDs; first ceil(validation_fraction*N_source) are validation","20261001"
"FACED","emotion","sub062","[""sub000"", ""sub001"", ""sub002"", ""sub003"", ""sub004"", ""sub005"", ""sub006"", ""sub007"", ""sub009"", ""sub010"", ""sub011"", ""sub012"", ""sub013"", ""sub014"", ""sub015"", ""sub016"", ""sub017"", ""sub018"", ""sub019"", ""sub020"", ""sub021"", ""sub023"", ""sub024"", ""sub025"", ""sub026"", ""sub027"", ""sub028"", ""sub029"", ""sub030"", ""sub031"", ""sub033"", ""sub034"", ""sub035"", ""sub036"", ""sub037"", ""sub038"", ""sub039"", ""sub040"", ""sub041"", ""sub042"", ""sub043"", ""sub048"", ""sub049"", ""sub050"", ""sub051"", ""sub052"", ""sub053"", ""sub054"", ""sub055"", ""sub056"", ""sub057"", ""sub058"", ""sub059"", ""sub060"", ""sub061"", ""sub063"", ""sub064"", ""sub065"", ""sub066"", ""sub067"", ""sub068"", ""sub069"", ""sub070"", ""sub071"", ""sub072"", ""sub074"", ""sub075"", ""sub076"", ""sub077"", ""sub078"", ""sub079"", ""sub080"", ""sub081"", ""sub082"", ""sub083"", ""sub084"", ""sub085"", ""sub086"", ""sub087"", ""sub088"", ""sub089"", ""sub090"", ""sub091"", ""sub092"", ""sub093"", ""sub094"", ""sub095"", ""sub096"", ""sub097"", ""sub098"", ""sub099"", ""sub100"", ""sub101"", ""sub102"", ""sub103"", ""sub104"", ""sub106"", ""sub107"", ""sub108"", ""sub109"", ""sub110"", ""sub111"", ""sub112"", ""sub113"", ""sub114"", ""sub116"", ""sub117"", ""sub118"", ""sub119"", ""sub122""]","[""sub008"", ""sub022"", ""sub032"", ""sub044"", ""sub045"", ""sub046"", ""sub047"", ""sub073"", ""sub105"", ""sub115"", ""sub120"", ""sub121""]","sub062","single processed collection","sorted subject IDs; per-target NumPy SeedSequence([seed, fold_index]); permute remaining source IDs; first ceil(validation_fraction*N_source) are validation","20261001"
"FACED","emotion","sub063","[""sub000"", ""sub001"", ""sub002"", ""sub003"", ""sub004"", ""sub005"", ""sub006"", ""sub007"", ""sub008"", ""sub009"", ""sub010"", ""sub011"", ""sub012"", ""sub014"", ""sub015"", ""sub016"", ""sub017"", ""sub018"", ""sub020"", ""sub021"", ""sub022"", ""sub023"", ""sub024"", ""sub025"", ""sub026"", ""sub027"", ""sub028"", ""sub029"", ""sub030"", ""sub031"", ""sub032"", ""sub034"", ""sub035"", ""sub036"", ""sub037"", ""sub038"", ""sub039"", ""sub040"", ""sub041"", ""sub042"", ""sub043"", ""sub044"", ""sub046"", ""sub047"", ""sub048"", ""sub049"", ""sub050"", ""sub051"", ""sub052"", ""sub053"", ""sub054"", ""sub055"", ""sub056"", ""sub057"", ""sub059"", ""sub060"", ""sub061"", ""sub062"", ""sub064"", ""sub067"", ""sub068"", ""sub069"", ""sub071"", ""sub073"", ""sub074"", ""sub075"", ""sub076"", ""sub077"", ""sub078"", ""sub079"", ""sub080"", ""sub081"", ""sub082"", ""sub083"", ""sub084"", ""sub085"", ""sub086"", ""sub088"", ""sub089"", ""sub090"", ""sub091"", ""sub092"", ""sub093"", ""sub094"", ""sub095"", ""sub096"", ""sub097"", ""sub098"", ""sub099"", ""sub100"", ""sub101"", ""sub103"", ""sub104"", ""sub105"", ""sub106"", ""sub107"", ""sub108"", ""sub109"", ""sub110"", ""sub111"", ""sub112"", ""sub113"", ""sub114"", ""sub115"", ""sub116"", ""sub117"", ""sub118"", ""sub119"", ""sub121"", ""sub122""]","[""sub013"", ""sub019"", ""sub033"", ""sub045"", ""sub058"", ""sub065"", ""sub066"", ""sub070"", ""sub072"", ""sub087"", ""sub102"", ""sub120""]","sub063","single processed collection","sorted subject IDs; per-target NumPy SeedSequence([seed, fold_index]); permute remaining source IDs; first ceil(validation_fraction*N_source) are validation","20261001"
"FACED","emotion","sub064","[""sub000"", ""sub001"", ""sub003"", ""sub004"", ""sub005"", ""sub006"", ""sub007"", ""sub008"", ""sub009"", ""sub010"", ""sub011"", ""sub012"", ""sub013"", ""sub014"", ""sub015"", ""sub016"", ""sub017"", ""sub018"", ""sub019"", ""sub020"", ""sub021"", ""sub024"", ""sub025"", ""sub026"", ""sub027"", ""sub028"", ""sub029"", ""sub030"", ""sub031"", ""sub033"", ""sub034"", ""sub035"", ""sub036"", ""sub037"", ""sub038"", ""sub039"", ""sub041"", ""sub042"", ""sub044"", ""sub045"", ""sub046"", ""sub047"", ""sub048"", ""sub049"", ""sub050"", ""sub051"", ""sub052"", ""sub054"", ""sub055"", ""sub056"", ""sub057"", ""sub058"", ""sub059"", ""sub060"", ""sub061"", ""sub062"", ""sub063"", ""sub067"", ""sub068"", ""sub070"", ""sub071"", ""sub072"", ""sub073"", ""sub074"", ""sub075"", ""sub076"", ""sub077"", ""sub078"", ""sub079"", ""sub080"", ""sub081"", ""sub082"", ""sub083"", ""sub084"", ""sub085"", ""sub086"", ""sub087"", ""sub088"", ""sub089"", ""sub091"", ""sub092"", ""sub093"", ""sub094"", ""sub095"", ""sub096"", ""sub097"", ""sub098"", ""sub099"", ""sub100"", ""sub101"", ""sub102"", ""sub103"", ""sub104"", ""sub105"", ""sub106"", ""sub107"", ""sub108"", ""sub109"", ""sub110"", ""sub111"", ""sub112"", ""sub113"", ""sub114"", ""sub115"", ""sub116"", ""sub117"", ""sub119"", ""sub120"", ""sub121"", ""sub122""]","[""sub002"", ""sub022"", ""sub023"", ""sub032"", ""sub040"", ""sub043"", ""sub053"", ""sub065"", ""sub066"", ""sub069"", ""sub090"", ""sub118""]","sub064","single processed collection","sorted subject IDs; per-target NumPy SeedSequence([seed, fold_index]); permute remaining source IDs; first ceil(validation_fraction*N_source) are validation","20261001"
"FACED","emotion","sub065","[""sub000"", ""sub001"", ""sub002"", ""sub003"", ""sub004"", ""sub005"", ""sub006"", ""sub007"", ""sub008"", ""sub009"", ""sub010"", ""sub011"", ""sub012"", ""sub013"", ""sub014"", ""sub016"", ""sub017"", ""sub018"", ""sub019"", ""sub021"", ""sub022"", ""sub023"", ""sub024"", ""sub025"", ""sub026"", ""sub027"", ""sub030"", ""sub031"", ""sub032"", ""sub033"", ""sub034"", ""sub035"", ""sub036"", ""sub037"", ""sub038"", ""sub039"", ""sub040"", ""sub041"", ""sub042"", ""sub043"", ""sub044"", ""sub045"", ""sub046"", ""sub047"", ""sub048"", ""sub049"", ""sub050"", ""sub051"", ""sub052"", ""sub053"", ""sub054"", ""sub055"", ""sub056"", ""sub057"", ""sub058"", ""sub059"", ""sub060"", ""sub061"", ""sub063"", ""sub064"", ""sub066"", ""sub068"", ""sub069"", ""sub070"", ""sub071"", ""sub072"", ""sub073"", ""sub074"", ""sub075"", ""sub076"", ""sub077"", ""sub078"", ""sub079"", ""sub081"", ""sub082"", ""sub083"", ""sub084"", ""sub085"", ""sub086"", ""sub088"", ""sub089"", ""sub091"", ""sub092"", ""sub093"", ""sub094"", ""sub095"", ""sub096"", ""sub097"", ""sub098"", ""sub099"", ""sub100"", ""sub101"", ""sub102"", ""sub104"", ""sub105"", ""sub106"", ""sub107"", ""sub108"", ""sub110"", ""sub111"", ""sub113"", ""sub114"", ""sub115"", ""sub116"", ""sub117"", ""sub118"", ""sub119"", ""sub120"", ""sub121"", ""sub122""]","[""sub015"", ""sub020"", ""sub028"", ""sub029"", ""sub062"", ""sub067"", ""sub080"", ""sub087"", ""sub090"", ""sub103"", ""sub109"", ""sub112""]","sub065","single processed collection","sorted subject IDs; per-target NumPy SeedSequence([seed, fold_index]); permute remaining source IDs; first ceil(validation_fraction*N_source) are validation","20261001"
"FACED","emotion","sub066","[""sub000"", ""sub002"", ""sub003"", ""sub004"", ""sub005"", ""sub006"", ""sub007"", ""sub008"", ""sub009"", ""sub010"", ""sub011"", ""sub012"", ""sub013"", ""sub016"", ""sub017"", ""sub019"", ""sub020"", ""sub021"", ""sub023"", ""sub024"", ""sub025"", ""sub026"", ""sub027"", ""sub028"", ""sub029"", ""sub030"", ""sub031"", ""sub032"", ""sub033"", ""sub034"", ""sub035"", ""sub037"", ""sub038"", ""sub039"", ""sub040"", ""sub041"", ""sub042"", ""sub043"", ""sub044"", ""sub045"", ""sub046"", ""sub047"", ""sub048"", ""sub049"", ""sub050"", ""sub051"", ""sub052"", ""sub053"", ""sub054"", ""sub055"", ""sub056"", ""sub057"", ""sub058"", ""sub060"", ""sub063"", ""sub064"", ""sub065"", ""sub067"", ""sub068"", ""sub069"", ""sub070"", ""sub071"", ""sub072"", ""sub073"", ""sub074"", ""sub075"", ""sub076"", ""sub077"", ""sub078"", ""sub079"", ""sub080"", ""sub081"", ""sub082"", ""sub083"", ""sub084"", ""sub087"", ""sub088"", ""sub089"", ""sub090"", ""sub091"", ""sub092"", ""sub093"", ""sub094"", ""sub095"", ""sub096"", ""sub097"", ""sub098"", ""sub099"", ""sub100"", ""sub101"", ""sub102"", ""sub103"", ""sub104"", ""sub105"", ""sub106"", ""sub107"", ""sub108"", ""sub110"", ""sub111"", ""sub112"", ""sub113"", ""sub114"", ""sub115"", ""sub116"", ""sub117"", ""sub118"", ""sub119"", ""sub120"", ""sub121"", ""sub122""]","[""sub001"", ""sub014"", ""sub015"", ""sub018"", ""sub022"", ""sub036"", ""sub059"", ""sub061"", ""sub062"", ""sub085"", ""sub086"", ""sub109""]","sub066","single processed collection","sorted subject IDs; per-target NumPy SeedSequence([seed, fold_index]); permute remaining source IDs; first ceil(validation_fraction*N_source) are validation","20261001"
"FACED","emotion","sub067","[""sub000"", ""sub001"", ""sub002"", ""sub003"", ""sub004"", ""sub005"", ""sub007"", ""sub009"", ""sub010"", ""sub011"", ""sub012"", ""sub014"", ""sub015"", ""sub016"", ""sub017"", ""sub018"", ""sub019"", ""sub020"", ""sub021"", ""sub022"", ""sub023"", ""sub024"", ""sub025"", ""sub026"", ""sub027"", ""sub028"", ""sub029"", ""sub030"", ""sub031"", ""sub032"", ""sub033"", ""sub034"", ""sub035"", ""sub036"", ""sub037"", ""sub038"", ""sub039"", ""sub040"", ""sub041"", ""sub042"", ""sub043"", ""sub044"", ""sub045"", ""sub046"", ""sub047"", ""sub048"", ""sub049"", ""sub051"", ""sub053"", ""sub054"", ""sub055"", ""sub056"", ""sub057"", ""sub059"", ""sub060"", ""sub061"", ""sub062"", ""sub063"", ""sub064"", ""sub065"", ""sub066"", ""sub068"", ""sub069"", ""sub070"", ""sub071"", ""sub072"", ""sub073"", ""sub074"", ""sub075"", ""sub076"", ""sub077"", ""sub078"", ""sub079"", ""sub080"", ""sub081"", ""sub082"", ""sub083"", ""sub085"", ""sub086"", ""sub087"", ""sub088"", ""sub089"", ""sub090"", ""sub091"", ""sub092"", ""sub095"", ""sub096"", ""sub097"", ""sub098"", ""sub099"", ""sub100"", ""sub101"", ""sub102"", ""sub103"", ""sub104"", ""sub105"", ""sub106"", ""sub107"", ""sub108"", ""sub109"", ""sub110"", ""sub111"", ""sub113"", ""sub114"", ""sub115"", ""sub117"", ""sub118"", ""sub119"", ""sub121"", ""sub122""]","[""sub006"", ""sub008"", ""sub013"", ""sub050"", ""sub052"", ""sub058"", ""sub084"", ""sub093"", ""sub094"", ""sub112"", ""sub116"", ""sub120""]","sub067","single processed collection","sorted subject IDs; per-target NumPy SeedSequence([seed, fold_index]); permute remaining source IDs; first ceil(validation_fraction*N_source) are validation","20261001"
"FACED","emotion","sub068","[""sub000"", ""sub001"", ""sub002"", ""sub003"", ""sub004"", ""sub005"", ""sub006"", ""sub007"", ""sub008"", ""sub009"", ""sub010"", ""sub011"", ""sub012"", ""sub013"", ""sub015"", ""sub016"", ""sub017"", ""sub018"", ""sub019"", ""sub020"", ""sub022"", ""sub023"", ""sub024"", ""sub025"", ""sub026"", ""sub027"", ""sub028"", ""sub029"", ""sub030"", ""sub031"", ""sub032"", ""sub033"", ""sub034"", ""sub035"", ""sub036"", ""sub037"", ""sub038"", ""sub039"", ""sub041"", ""sub042"", ""sub043"", ""sub044"", ""sub045"", ""sub046"", ""sub047"", ""sub050"", ""sub051"", ""sub052"", ""sub053"", ""sub054"", ""sub055"", ""sub056"", ""sub057"", ""sub058"", ""sub060"", ""sub061"", ""sub062"", ""sub063"", ""sub064"", ""sub065"", ""sub066"", ""sub067"", ""sub069"", ""sub070"", ""sub071"", ""sub072"", ""sub073"", ""sub074"", ""sub075"", ""sub076"", ""sub077"", ""sub078"", ""sub079"", ""sub080"", ""sub083"", ""sub084"", ""sub085"", ""sub087"", ""sub088"", ""sub089"", ""sub090"", ""sub091"", ""sub092"", ""sub093"", ""sub094"", ""sub095"", ""sub096"", ""sub097"", ""sub098"", ""sub099"", ""sub100"", ""sub101"", ""sub102"", ""sub103"", ""sub104"", ""sub105"", ""sub106"", ""sub108"", ""sub109"", ""sub110"", ""sub111"", ""sub112"", ""sub113"", ""sub114"", ""sub115"", ""sub116"", ""sub118"", ""sub119"", ""sub120"", ""sub122""]","[""sub014"", ""sub021"", ""sub040"", ""sub048"", ""sub049"", ""sub059"", ""sub081"", ""sub082"", ""sub086"", ""sub107"", ""sub117"", ""sub121""]","sub068","single processed collection","sorted subject IDs; per-target NumPy SeedSequence([seed, fold_index]); permute remaining source IDs; first ceil(validation_fraction*N_source) are validation","20261001"
"FACED","emotion","sub069","[""sub000"", ""sub001"", ""sub002"", ""sub003"", ""sub005"", ""sub007"", ""sub008"", ""sub009"", ""sub010"", ""sub011"", ""sub012"", ""sub013"", ""sub014"", ""sub015"", ""sub016"", ""sub017"", ""sub018"", ""sub019"", ""sub020"", ""sub021"", ""sub022"", ""sub023"", ""sub025"", ""sub026"", ""sub027"", ""sub029"", ""sub030"", ""sub032"", ""sub033"", ""sub034"", ""sub035"", ""sub036"", ""sub037"", ""sub038"", ""sub039"", ""sub040"", ""sub041"", ""sub042"", ""sub044"", ""sub045"", ""sub046"", ""sub047"", ""sub048"", ""sub049"", ""sub050"", ""sub051"", ""sub052"", ""sub053"", ""sub054"", ""sub055"", ""sub057"", ""sub058"", ""sub059"", ""sub060"", ""sub061"", ""sub062"", ""sub063"", ""sub065"", ""sub066"", ""sub067"", ""sub068"", ""sub070"", ""sub072"", ""sub073"", ""sub074"", ""sub075"", ""sub076"", ""sub077"", ""sub078"", ""sub080"", ""sub081"", ""sub082"", ""sub083"", ""sub084"", ""sub085"", ""sub086"", ""sub087"", ""sub088"", ""sub089"", ""sub090"", ""sub091"", ""sub092"", ""sub093"", ""sub094"", ""sub095"", ""sub096"", ""sub097"", ""sub098"", ""sub099"", ""sub100"", ""sub101"", ""sub102"", ""sub103"", ""sub104"", ""sub106"", ""sub107"", ""sub108"", ""sub109"", ""sub110"", ""sub111"", ""sub112"", ""sub113"", ""sub114"", ""sub115"", ""sub116"", ""sub117"", ""sub118"", ""sub119"", ""sub120"", ""sub121""]","[""sub004"", ""sub006"", ""sub024"", ""sub028"", ""sub031"", ""sub043"", ""sub056"", ""sub064"", ""sub071"", ""sub079"", ""sub105"", ""sub122""]","sub069","single processed collection","sorted subject IDs; per-target NumPy SeedSequence([seed, fold_index]); permute remaining source IDs; first ceil(validation_fraction*N_source) are validation","20261001"
"FACED","emotion","sub070","[""sub000"", ""sub001"", ""sub002"", ""sub003"", ""sub004"", ""sub006"", ""sub007"", ""sub008"", ""sub009"", ""sub010"", ""sub011"", ""sub012"", ""sub013"", ""sub014"", ""sub015"", ""sub016"", ""sub017"", ""sub018"", ""sub019"", ""sub020"", ""sub021"", ""sub023"", ""sub024"", ""sub026"", ""sub027"", ""sub028"", ""sub029"", ""sub030"", ""sub031"", ""sub032"", ""sub033"", ""sub034"", ""sub035"", ""sub036"", ""sub038"", ""sub039"", ""sub040"", ""sub041"", ""sub042"", ""sub043"", ""sub044"", ""sub045"", ""sub046"", ""sub047"", ""sub048"", ""sub050"", ""sub051"", ""sub052"", ""sub053"", ""sub054"", ""sub056"", ""sub057"", ""sub058"", ""sub059"", ""sub060"", ""sub061"", ""sub063"", ""sub064"", ""sub065"", ""sub066"", ""sub067"", ""sub068"", ""sub069"", ""sub071"", ""sub073"", ""sub074"", ""sub075"", ""sub076"", ""sub077"", ""sub078"", ""sub079"", ""sub080"", ""sub081"", ""sub082"", ""sub083"", ""sub084"", ""sub085"", ""sub086"", ""sub087"", ""sub088"", ""sub089"", ""sub090"", ""sub091"", ""sub092"", ""sub093"", ""sub094"", ""sub095"", ""sub096"", ""sub098"", ""sub099"", ""sub100"", ""sub101"", ""sub102"", ""sub103"", ""sub104"", ""sub105"", ""sub106"", ""sub107"", ""sub108"", ""sub109"", ""sub110"", ""sub111"", ""sub112"", ""sub113"", ""sub114"", ""sub116"", ""sub117"", ""sub119"", ""sub120"", ""sub121""]","[""sub005"", ""sub022"", ""sub025"", ""sub037"", ""sub049"", ""sub055"", ""sub062"", ""sub072"", ""sub097"", ""sub115"", ""sub118"", ""sub122""]","sub070","single processed collection","sorted subject IDs; per-target NumPy SeedSequence([seed, fold_index]); permute remaining source IDs; first ceil(validation_fraction*N_source) are validation","20261001"
"FACED","emotion","sub071","[""sub000"", ""sub001"", ""sub002"", ""sub003"", ""sub004"", ""sub005"", ""sub006"", ""sub007"", ""sub008"", ""sub009"", ""sub010"", ""sub011"", ""sub012"", ""sub013"", ""sub014"", ""sub016"", ""sub017"", ""sub018"", ""sub020"", ""sub021"", ""sub022"", ""sub023"", ""sub024"", ""sub025"", ""sub026"", ""sub027"", ""sub028"", ""sub029"", ""sub030"", ""sub031"", ""sub032"", ""sub033"", ""sub034"", ""sub035"", ""sub036"", ""sub037"", ""sub038"", ""sub039"", ""sub040"", ""sub041"", ""sub043"", ""sub044"", ""sub045"", ""sub046"", ""sub047"", ""sub048"", ""sub049"", ""sub050"", ""sub053"", ""sub054"", ""sub055"", ""sub056"", ""sub057"", ""sub058"", ""sub059"", ""sub060"", ""sub061"", ""sub062"", ""sub063"", ""sub064"", ""sub065"", ""sub066"", ""sub067"", ""sub068"", ""sub069"", ""sub070"", ""sub072"", ""sub073"", ""sub074"", ""sub075"", ""sub076"", ""sub078"", ""sub079"", ""sub080"", ""sub081"", ""sub082"", ""sub083"", ""sub085"", ""sub086"", ""sub087"", ""sub088"", ""sub089"", ""sub090"", ""sub091"", ""sub093"", ""sub094"", ""sub095"", ""sub096"", ""sub097"", ""sub098"", ""sub099"", ""sub100"", ""sub101"", ""sub102"", ""sub104"", ""sub105"", ""sub107"", ""sub108"", ""sub109"", ""sub110"", ""sub111"", ""sub113"", ""sub114"", ""sub116"", ""sub117"", ""sub118"", ""sub119"", ""sub120"", ""sub121"", ""sub122""]","[""sub015"", ""sub019"", ""sub042"", ""sub051"", ""sub052"", ""sub077"", ""sub084"", ""sub092"", ""sub103"", ""sub106"", ""sub112"", ""sub115""]","sub071","single processed collection","sorted subject IDs; per-target NumPy SeedSequence([seed, fold_index]); permute remaining source IDs; first ceil(validation_fraction*N_source) are validation","20261001"
"FACED","emotion","sub072","[""sub001"", ""sub002"", ""sub003"", ""sub004"", ""sub005"", ""sub006"", ""sub008"", ""sub009"", ""sub010"", ""sub011"", ""sub012"", ""sub013"", ""sub014"", ""sub015"", ""sub016"", ""sub017"", ""sub018"", ""sub019"", ""sub020"", ""sub021"", ""sub022"", ""sub023"", ""sub024"", ""sub025"", ""sub026"", ""sub027"", ""sub028"", ""sub029"", ""sub031"", ""sub032"", ""sub033"", ""sub034"", ""sub035"", ""sub036"", ""sub037"", ""sub038"", ""sub039"", ""sub041"", ""sub042"", ""sub044"", ""sub046"", ""sub047"", ""sub048"", ""sub049"", ""sub050"", ""sub051"", ""sub052"", ""sub053"", ""sub054"", ""sub055"", ""sub056"", ""sub057"", ""sub058"", ""sub059"", ""sub060"", ""sub061"", ""sub062"", ""sub063"", ""sub064"", ""sub065"", ""sub066"", ""sub067"", ""sub068"", ""sub069"", ""sub070"", ""sub074"", ""sub075"", ""sub076"", ""sub077"", ""sub078"", ""sub079"", ""sub080"", ""sub081"", ""sub082"", ""sub083"", ""sub084"", ""sub085"", ""sub087"", ""sub088"", ""sub089"", ""sub090"", ""sub093"", ""sub094"", ""sub095"", ""sub096"", ""sub097"", ""sub098"", ""sub099"", ""sub100"", ""sub101"", ""sub102"", ""sub103"", ""sub104"", ""sub106"", ""sub107"", ""sub108"", ""sub109"", ""sub110"", ""sub111"", ""sub112"", ""sub113"", ""sub114"", ""sub115"", ""sub116"", ""sub117"", ""sub118"", ""sub119"", ""sub120"", ""sub121"", ""sub122""]","[""sub000"", ""sub007"", ""sub030"", ""sub040"", ""sub043"", ""sub045"", ""sub071"", ""sub073"", ""sub086"", ""sub091"", ""sub092"", ""sub105""]","sub072","single processed collection","sorted subject IDs; per-target NumPy SeedSequence([seed, fold_index]); permute remaining source IDs; first ceil(validation_fraction*N_source) are validation","20261001"
"FACED","emotion","sub073","[""sub000"", ""sub001"", ""sub002"", ""sub003"", ""sub004"", ""sub005"", ""sub008"", ""sub009"", ""sub010"", ""sub011"", ""sub012"", ""sub013"", ""sub014"", ""sub015"", ""sub016"", ""sub017"", ""sub019"", ""sub020"", ""sub021"", ""sub022"", ""sub023"", ""sub024"", ""sub025"", ""sub027"", ""sub028"", ""sub029"", ""sub030"", ""sub031"", ""sub032"", ""sub033"", ""sub034"", ""sub035"", ""sub036"", ""sub037"", ""sub038"", ""sub039"", ""sub040"", ""sub041"", ""sub042"", ""sub043"", ""sub044"", ""sub045"", ""sub046"", ""sub047"", ""sub048"", ""sub049"", ""sub050"", ""sub051"", ""sub052"", ""sub053"", ""sub054"", ""sub055"", ""sub056"", ""sub057"", ""sub058"", ""sub059"", ""sub060"", ""sub061"", ""sub062"", ""sub063"", ""sub065"", ""sub066"", ""sub067"", ""sub068"", ""sub069"", ""sub070"", ""sub071"", ""sub072"", ""sub074"", ""sub075"", ""sub076"", ""sub077"", ""sub078"", ""sub079"", ""sub080"", ""sub081"", ""sub082"", ""sub083"", ""sub085"", ""sub086"", ""sub088"", ""sub089"", ""sub090"", ""sub091"", ""sub092"", ""sub093"", ""sub094"", ""sub095"", ""sub096"", ""sub097"", ""sub098"", ""sub099"", ""sub100"", ""sub101"", ""sub102"", ""sub103"", ""sub104"", ""sub105"", ""sub106"", ""sub107"", ""sub108"", ""sub109"", ""sub110"", ""sub111"", ""sub112"", ""sub113"", ""sub114"", ""sub116"", ""sub117"", ""sub121""]","[""sub006"", ""sub007"", ""sub018"", ""sub026"", ""sub064"", ""sub084"", ""sub087"", ""sub115"", ""sub118"", ""sub119"", ""sub120"", ""sub122""]","sub073","single processed collection","sorted subject IDs; per-target NumPy SeedSequence([seed, fold_index]); permute remaining source IDs; first ceil(validation_fraction*N_source) are validation","20261001"
"FACED","emotion","sub074","[""sub001"", ""sub002"", ""sub004"", ""sub005"", ""sub006"", ""sub007"", ""sub008"", ""sub009"", ""sub010"", ""sub011"", ""sub012"", ""sub013"", ""sub014"", ""sub015"", ""sub017"", ""sub019"", ""sub020"", ""sub021"", ""sub022"", ""sub023"", ""sub024"", ""sub025"", ""sub026"", ""sub027"", ""sub028"", ""sub029"", ""sub030"", ""sub031"", ""sub032"", ""sub033"", ""sub034"", ""sub035"", ""sub036"", ""sub038"", ""sub039"", ""sub040"", ""sub041"", ""sub042"", ""sub043"", ""sub044"", ""sub045"", ""sub046"", ""sub047"", ""sub048"", ""sub049"", ""sub050"", ""sub051"", ""sub052"", ""sub053"", ""sub054"", ""sub056"", ""sub057"", ""sub059"", ""sub060"", ""sub061"", ""sub063"", ""sub064"", ""sub065"", ""sub066"", ""sub067"", ""sub068"", ""sub069"", ""sub070"", ""sub071"", ""sub073"", ""sub075"", ""sub077"", ""sub078"", ""sub079"", ""sub080"", ""sub081"", ""sub082"", ""sub083"", ""sub084"", ""sub085"", ""sub086"", ""sub087"", ""sub088"", ""sub090"", ""sub091"", ""sub092"", ""sub093"", ""sub094"", ""sub095"", ""sub096"", ""sub097"", ""sub098"", ""sub099"", ""sub100"", ""sub101"", ""sub102"", ""sub103"", ""sub104"", ""sub105"", ""sub106"", ""sub107"", ""sub109"", ""sub110"", ""sub111"", ""sub112"", ""sub113"", ""sub114"", ""sub115"", ""sub116"", ""sub117"", ""sub118"", ""sub119"", ""sub120"", ""sub121"", ""sub122""]","[""sub000"", ""sub003"", ""sub016"", ""sub018"", ""sub037"", ""sub055"", ""sub058"", ""sub062"", ""sub072"", ""sub076"", ""sub089"", ""sub108""]","sub074","single processed collection","sorted subject IDs; per-target NumPy SeedSequence([seed, fold_index]); permute remaining source IDs; first ceil(validation_fraction*N_source) are validation","20261001"
"FACED","emotion","sub075","[""sub000"", ""sub001"", ""sub002"", ""sub003"", ""sub004"", ""sub005"", ""sub006"", ""sub007"", ""sub008"", ""sub009"", ""sub010"", ""sub011"", ""sub012"", ""sub013"", ""sub014"", ""sub015"", ""sub017"", ""sub018"", ""sub019"", ""sub020"", ""sub021"", ""sub022"", ""sub024"", ""sub025"", ""sub026"", ""sub027"", ""sub028"", ""sub029"", ""sub031"", ""sub032"", ""sub033"", ""sub034"", ""sub035"", ""sub036"", ""sub037"", ""sub038"", ""sub039"", ""sub040"", ""sub042"", ""sub043"", ""sub044"", ""sub045"", ""sub046"", ""sub047"", ""sub048"", ""sub049"", ""sub051"", ""sub052"", ""sub053"", ""sub054"", ""sub055"", ""sub056"", ""sub058"", ""sub059"", ""sub060"", ""sub063"", ""sub064"", ""sub065"", ""sub066"", ""sub067"", ""sub068"", ""sub069"", ""sub070"", ""sub071"", ""sub072"", ""sub073"", ""sub074"", ""sub076"", ""sub077"", ""sub078"", ""sub079"", ""sub080"", ""sub081"", ""sub082"", ""sub084"", ""sub085"", ""sub086"", ""sub087"", ""sub088"", ""sub089"", ""sub090"", ""sub091"", ""sub092"", ""sub093"", ""sub094"", ""sub095"", ""sub096"", ""sub097"", ""sub098"", ""sub099"", ""sub101"", ""sub102"", ""sub103"", ""sub104"", ""sub105"", ""sub106"", ""sub107"", ""sub108"", ""sub109"", ""sub110"", ""sub111"", ""sub112"", ""sub113"", ""sub115"", ""sub116"", ""sub118"", ""sub119"", ""sub120"", ""sub121"", ""sub122""]","[""sub016"", ""sub023"", ""sub030"", ""sub041"", ""sub050"", ""sub057"", ""sub061"", ""sub062"", ""sub083"", ""sub100"", ""sub114"", ""sub117""]","sub075","single processed collection","sorted subject IDs; per-target NumPy SeedSequence([seed, fold_index]); permute remaining source IDs; first ceil(validation_fraction*N_source) are validation","20261001"
"FACED","emotion","sub076","[""sub000"", ""sub002"", ""sub003"", ""sub004"", ""sub006"", ""sub007"", ""sub008"", ""sub009"", ""sub010"", ""sub011"", ""sub012"", ""sub014"", ""sub015"", ""sub017"", ""sub018"", ""sub019"", ""sub020"", ""sub022"", ""sub024"", ""sub025"", ""sub026"", ""sub027"", ""sub028"", ""sub029"", ""sub030"", ""sub031"", ""sub032"", ""sub033"", ""sub034"", ""sub035"", ""sub036"", ""sub037"", ""sub038"", ""sub039"", ""sub040"", ""sub041"", ""sub042"", ""sub043"", ""sub044"", ""sub045"", ""sub046"", ""sub047"", ""sub048"", ""sub049"", ""sub050"", ""sub051"", ""sub052"", ""sub053"", ""sub054"", ""sub055"", ""sub056"", ""sub057"", ""sub058"", ""sub059"", ""sub060"", ""sub061"", ""sub062"", ""sub063"", ""sub064"", ""sub065"", ""sub066"", ""sub067"", ""sub068"", ""sub069"", ""sub070"", ""sub071"", ""sub072"", ""sub073"", ""sub074"", ""sub075"", ""sub077"", ""sub078"", ""sub079"", ""sub080"", ""sub081"", ""sub082"", ""sub083"", ""sub084"", ""sub085"", ""sub086"", ""sub087"", ""sub088"", ""sub089"", ""sub090"", ""sub091"", ""sub092"", ""sub093"", ""sub094"", ""sub095"", ""sub098"", ""sub099"", ""sub100"", ""sub102"", ""sub104"", ""sub105"", ""sub106"", ""sub107"", ""sub108"", ""sub110"", ""sub111"", ""sub112"", ""sub114"", ""sub115"", ""sub116"", ""sub117"", ""sub118"", ""sub119"", ""sub120"", ""sub121"", ""sub122""]","[""sub001"", ""sub005"", ""sub013"", ""sub016"", ""sub021"", ""sub023"", ""sub096"", ""sub097"", ""sub101"", ""sub103"", ""sub109"", ""sub113""]","sub076","single processed collection","sorted subject IDs; per-target NumPy SeedSequence([seed, fold_index]); permute remaining source IDs; first ceil(validation_fraction*N_source) are validation","20261001"
"FACED","emotion","sub077","[""sub000"", ""sub001"", ""sub002"", ""sub003"", ""sub004"", ""sub007"", ""sub008"", ""sub009"", ""sub010"", ""sub011"", ""sub013"", ""sub014"", ""sub015"", ""sub016"", ""sub017"", ""sub018"", ""sub019"", ""sub020"", ""sub021"", ""sub022"", ""sub023"", ""sub024"", ""sub026"", ""sub027"", ""sub028"", ""sub029"", ""sub030"", ""sub031"", ""sub032"", ""sub033"", ""sub034"", ""sub036"", ""sub037"", ""sub038"", ""sub039"", ""sub040"", ""sub041"", ""sub042"", ""sub043"", ""sub044"", ""sub045"", ""sub046"", ""sub047"", ""sub048"", ""sub049"", ""sub050"", ""sub051"", ""sub052"", ""sub053"", ""sub054"", ""sub055"", ""sub056"", ""sub057"", ""sub058"", ""sub059"", ""sub060"", ""sub061"", ""sub062"", ""sub063"", ""sub064"", ""sub065"", ""sub066"", ""sub067"", ""sub069"", ""sub070"", ""sub071"", ""sub073"", ""sub074"", ""sub075"", ""sub076"", ""sub079"", ""sub080"", ""sub082"", ""sub083"", ""sub084"", ""sub085"", ""sub086"", ""sub087"", ""sub088"", ""sub089"", ""sub090"", ""sub091"", ""sub092"", ""sub093"", ""sub094"", ""sub095"", ""sub096"", ""sub097"", ""sub098"", ""sub099"", ""sub101"", ""sub102"", ""sub103"", ""sub104"", ""sub105"", ""sub106"", ""sub107"", ""sub108"", ""sub110"", ""sub112"", ""sub113"", ""sub114"", ""sub115"", ""sub116"", ""sub117"", ""sub118"", ""sub119"", ""sub120"", ""sub121"", ""sub122""]","[""sub005"", ""sub006"", ""sub012"", ""sub025"", ""sub035"", ""sub068"", ""sub072"", ""sub078"", ""sub081"", ""sub100"", ""sub109"", ""sub111""]","sub077","single processed collection","sorted subject IDs; per-target NumPy SeedSequence([seed, fold_index]); permute remaining source IDs; first ceil(validation_fraction*N_source) are validation","20261001"
"FACED","emotion","sub078","[""sub000"", ""sub001"", ""sub002"", ""sub003"", ""sub004"", ""sub005"", ""sub006"", ""sub007"", ""sub008"", ""sub009"", ""sub010"", ""sub012"", ""sub013"", ""sub014"", ""sub015"", ""sub016"", ""sub018"", ""sub019"", ""sub020"", ""sub021"", ""sub022"", ""sub023"", ""sub024"", ""sub025"", ""sub026"", ""sub027"", ""sub028"", ""sub029"", ""sub030"", ""sub033"", ""sub034"", ""sub036"", ""sub037"", ""sub038"", ""sub039"", ""sub041"", ""sub042"", ""sub043"", ""sub044"", ""sub045"", ""sub046"", ""sub047"", ""sub049"", ""sub050"", ""sub051"", ""sub052"", ""sub054"", ""sub055"", ""sub056"", ""sub057"", ""sub058"", ""sub059"", ""sub060"", ""sub062"", ""sub063"", ""sub064"", ""sub065"", ""sub066"", ""sub067"", ""sub068"", ""sub069"", ""sub070"", ""sub071"", ""sub072"", ""sub073"", ""sub074"", ""sub075"", ""sub077"", ""sub079"", ""sub080"", ""sub081"", ""sub082"", ""sub083"", ""sub084"", ""sub085"", ""sub086"", ""sub087"", ""sub088"", ""sub089"", ""sub090"", ""sub091"", ""sub093"", ""sub094"", ""sub095"", ""sub096"", ""sub097"", ""sub098"", ""sub099"", ""sub100"", ""sub101"", ""sub102"", ""sub103"", ""sub104"", ""sub105"", ""sub106"", ""sub107"", ""sub109"", ""sub110"", ""sub111"", ""sub112"", ""sub113"", ""sub114"", ""sub115"", ""sub116"", ""sub117"", ""sub118"", ""sub119"", ""sub120"", ""sub121"", ""sub122""]","[""sub011"", ""sub017"", ""sub031"", ""sub032"", ""sub035"", ""sub040"", ""sub048"", ""sub053"", ""sub061"", ""sub076"", ""sub092"", ""sub108""]","sub078","single processed collection","sorted subject IDs; per-target NumPy SeedSequence([seed, fold_index]); permute remaining source IDs; first ceil(validation_fraction*N_source) are validation","20261001"
"FACED","emotion","sub079","[""sub001"", ""sub002"", ""sub003"", ""sub004"", ""sub005"", ""sub006"", ""sub007"", ""sub008"", ""sub010"", ""sub011"", ""sub012"", ""sub013"", ""sub014"", ""sub015"", ""sub016"", ""sub017"", ""sub018"", ""sub019"", ""sub021"", ""sub022"", ""sub023"", ""sub024"", ""sub025"", ""sub026"", ""sub027"", ""sub028"", ""sub029"", ""sub030"", ""sub031"", ""sub032"", ""sub033"", ""sub034"", ""sub035"", ""sub037"", ""sub038"", ""sub039"", ""sub040"", ""sub041"", ""sub042"", ""sub043"", ""sub044"", ""sub045"", ""sub046"", ""sub047"", ""sub048"", ""sub050"", ""sub051"", ""sub053"", ""sub054"", ""sub055"", ""sub056"", ""sub059"", ""sub060"", ""sub061"", ""sub062"", ""sub063"", ""sub064"", ""sub065"", ""sub066"", ""sub067"", ""sub069"", ""sub070"", ""sub071"", ""sub072"", ""sub073"", ""sub074"", ""sub075"", ""sub076"", ""sub077"", ""sub078"", ""sub080"", ""sub081"", ""sub082"", ""sub083"", ""sub084"", ""sub085"", ""sub086"", ""sub087"", ""sub088"", ""sub089"", ""sub090"", ""sub091"", ""sub092"", ""sub093"", ""sub094"", ""sub097"", ""sub098"", ""sub099"", ""sub100"", ""sub101"", ""sub102"", ""sub103"", ""sub104"", ""sub105"", ""sub106"", ""sub107"", ""sub108"", ""sub109"", ""sub111"", ""sub112"", ""sub113"", ""sub114"", ""sub115"", ""sub116"", ""sub117"", ""sub118"", ""sub119"", ""sub120"", ""sub121"", ""sub122""]","[""sub000"", ""sub009"", ""sub020"", ""sub036"", ""sub049"", ""sub052"", ""sub057"", ""sub058"", ""sub068"", ""sub095"", ""sub096"", ""sub110""]","sub079","single processed collection","sorted subject IDs; per-target NumPy SeedSequence([seed, fold_index]); permute remaining source IDs; first ceil(validation_fraction*N_source) are validation","20261001"
"FACED","emotion","sub080","[""sub000"", ""sub001"", ""sub002"", ""sub003"", ""sub004"", ""sub005"", ""sub006"", ""sub007"", ""sub008"", ""sub010"", ""sub011"", ""sub012"", ""sub013"", ""sub014"", ""sub015"", ""sub016"", ""sub017"", ""sub018"", ""sub019"", ""sub020"", ""sub021"", ""sub024"", ""sub025"", ""sub026"", ""sub027"", ""sub028"", ""sub029"", ""sub030"", ""sub031"", ""sub032"", ""sub033"", ""sub034"", ""sub035"", ""sub036"", ""sub037"", ""sub038"", ""sub039"", ""sub042"", ""sub043"", ""sub044"", ""sub045"", ""sub046"", ""sub047"", ""sub048"", ""sub049"", ""sub050"", ""sub051"", ""sub052"", ""sub053"", ""sub054"", ""sub055"", ""sub056"", ""sub058"", ""sub059"", ""sub060"", ""sub061"", ""sub062"", ""sub063"", ""sub064"", ""sub065"", ""sub066"", ""sub067"", ""sub068"", ""sub069"", ""sub071"", ""sub074"", ""sub075"", ""sub076"", ""sub077"", ""sub078"", ""sub079"", ""sub081"", ""sub082"", ""sub083"", ""sub085"", ""sub086"", ""sub087"", ""sub088"", ""sub089"", ""sub090"", ""sub091"", ""sub092"", ""sub093"", ""sub094"", ""sub095"", ""sub096"", ""sub097"", ""sub098"", ""sub099"", ""sub100"", ""sub101"", ""sub102"", ""sub103"", ""sub104"", ""sub105"", ""sub106"", ""sub107"", ""sub109"", ""sub110"", ""sub111"", ""sub112"", ""sub113"", ""sub114"", ""sub115"", ""sub116"", ""sub118"", ""sub119"", ""sub120"", ""sub121"", ""sub122""]","[""sub009"", ""sub022"", ""sub023"", ""sub040"", ""sub041"", ""sub057"", ""sub070"", ""sub072"", ""sub073"", ""sub084"", ""sub108"", ""sub117""]","sub080","single processed collection","sorted subject IDs; per-target NumPy SeedSequence([seed, fold_index]); permute remaining source IDs; first ceil(validation_fraction*N_source) are validation","20261001"
"FACED","emotion","sub081","[""sub000"", ""sub001"", ""sub002"", ""sub003"", ""sub005"", ""sub006"", ""sub007"", ""sub010"", ""sub011"", ""sub012"", ""sub013"", ""sub014"", ""sub015"", ""sub016"", ""sub017"", ""sub018"", ""sub019"", ""sub020"", ""sub021"", ""sub022"", ""sub023"", ""sub024"", ""sub025"", ""sub026"", ""sub027"", ""sub029"", ""sub030"", ""sub031"", ""sub032"", ""sub033"", ""sub034"", ""sub035"", ""sub036"", ""sub037"", ""sub039"", ""sub040"", ""sub041"", ""sub042"", ""sub043"", ""sub044"", ""sub046"", ""sub047"", ""sub048"", ""sub049"", ""sub051"", ""sub052"", ""sub053"", ""sub054"", ""sub055"", ""sub056"", ""sub057"", ""sub058"", ""sub060"", ""sub061"", ""sub062"", ""sub063"", ""sub064"", ""sub065"", ""sub066"", ""sub067"", ""sub068"", ""sub069"", ""sub070"", ""sub071"", ""sub072"", ""sub073"", ""sub074"", ""sub075"", ""sub076"", ""sub077"", ""sub078"", ""sub079"", ""sub080"", ""sub082"", ""sub083"", ""sub084"", ""sub085"", ""sub087"", ""sub088"", ""sub089"", ""sub090"", ""sub091"", ""sub092"", ""sub093"", ""sub094"", ""sub095"", ""sub096"", ""sub097"", ""sub098"", ""sub099"", ""sub101"", ""sub102"", ""sub103"", ""sub104"", ""sub105"", ""sub106"", ""sub107"", ""sub108"", ""sub109"", ""sub110"", ""sub111"", ""sub112"", ""sub113"", ""sub114"", ""sub115"", ""sub116"", ""sub118"", ""sub119"", ""sub121"", ""sub122""]","[""sub004"", ""sub008"", ""sub009"", ""sub028"", ""sub038"", ""sub045"", ""sub050"", ""sub059"", ""sub086"", ""sub100"", ""sub117"", ""sub120""]","sub081","single processed collection","sorted subject IDs; per-target NumPy SeedSequence([seed, fold_index]); permute remaining source IDs; first ceil(validation_fraction*N_source) are validation","20261001"
"FACED","emotion","sub082","[""sub001"", ""sub003"", ""sub004"", ""sub006"", ""sub007"", ""sub008"", ""sub009"", ""sub010"", ""sub012"", ""sub013"", ""sub014"", ""sub015"", ""sub016"", ""sub017"", ""sub018"", ""sub019"", ""sub020"", ""sub021"", ""sub022"", ""sub023"", ""sub024"", ""sub026"", ""sub027"", ""sub028"", ""sub029"", ""sub030"", ""sub031"", ""sub032"", ""sub033"", ""sub034"", ""sub035"", ""sub036"", ""sub037"", ""sub038"", ""sub039"", ""sub040"", ""sub042"", ""sub044"", ""sub045"", ""sub046"", ""sub047"", ""sub048"", ""sub049"", ""sub050"", ""sub051"", ""sub053"", ""sub054"", ""sub055"", ""sub056"", ""sub057"", ""sub058"", ""sub059"", ""sub060"", ""sub061"", ""sub062"", ""sub063"", ""sub064"", ""sub067"", ""sub068"", ""sub069"", ""sub070"", ""sub071"", ""sub072"", ""sub073"", ""sub074"", ""sub075"", ""sub076"", ""sub077"", ""sub078"", ""sub079"", ""sub080"", ""sub081"", ""sub083"", ""sub085"", ""sub086"", ""sub087"", ""sub089"", ""sub090"", ""sub091"", ""sub092"", ""sub093"", ""sub094"", ""sub095"", ""sub096"", ""sub097"", ""sub098"", ""sub099"", ""sub100"", ""sub101"", ""sub102"", ""sub103"", ""sub104"", ""sub105"", ""sub106"", ""sub107"", ""sub108"", ""sub109"", ""sub110"", ""sub111"", ""sub112"", ""sub113"", ""sub114"", ""sub115"", ""sub116"", ""sub117"", ""sub118"", ""sub119"", ""sub120"", ""sub121"", ""sub122""]","[""sub000"", ""sub002"", ""sub005"", ""sub011"", ""sub025"", ""sub041"", ""sub043"", ""sub052"", ""sub065"", ""sub066"", ""sub084"", ""sub088""]","sub082","single processed collection","sorted subject IDs; per-target NumPy SeedSequence([seed, fold_index]); permute remaining source IDs; first ceil(validation_fraction*N_source) are validation","20261001"
"FACED","emotion","sub083","[""sub000"", ""sub001"", ""sub002"", ""sub003"", ""sub004"", ""sub005"", ""sub006"", ""sub007"", ""sub008"", ""sub009"", ""sub010"", ""sub011"", ""sub012"", ""sub013"", ""sub014"", ""sub015"", ""sub016"", ""sub017"", ""sub018"", ""sub019"", ""sub020"", ""sub021"", ""sub022"", ""sub023"", ""sub024"", ""sub025"", ""sub026"", ""sub027"", ""sub028"", ""sub029"", ""sub030"", ""sub032"", ""sub033"", ""sub034"", ""sub035"", ""sub036"", ""sub037"", ""sub038"", ""sub040"", ""sub041"", ""sub042"", ""sub043"", ""sub045"", ""sub047"", ""sub048"", ""sub049"", ""sub050"", ""sub051"", ""sub052"", ""sub053"", ""sub054"", ""sub055"", ""sub056"", ""sub058"", ""sub059"", ""sub060"", ""sub061"", ""sub063"", ""sub064"", ""sub065"", ""sub066"", ""sub067"", ""sub068"", ""sub069"", ""sub070"", ""sub071"", ""sub072"", ""sub073"", ""sub074"", ""sub075"", ""sub076"", ""sub077"", ""sub078"", ""sub079"", ""sub080"", ""sub081"", ""sub082"", ""sub085"", ""sub087"", ""sub088"", ""sub089"", ""sub090"", ""sub091"", ""sub092"", ""sub093"", ""sub094"", ""sub095"", ""sub097"", ""sub098"", ""sub099"", ""sub100"", ""sub101"", ""sub102"", ""sub103"", ""sub105"", ""sub106"", ""sub107"", ""sub108"", ""sub109"", ""sub110"", ""sub111"", ""sub112"", ""sub113"", ""sub114"", ""sub115"", ""sub117"", ""sub118"", ""sub119"", ""sub120"", ""sub121""]","[""sub031"", ""sub039"", ""sub044"", ""sub046"", ""sub057"", ""sub062"", ""sub084"", ""sub086"", ""sub096"", ""sub104"", ""sub116"", ""sub122""]","sub083","single processed collection","sorted subject IDs; per-target NumPy SeedSequence([seed, fold_index]); permute remaining source IDs; first ceil(validation_fraction*N_source) are validation","20261001"
"FACED","emotion","sub084","[""sub000"", ""sub001"", ""sub002"", ""sub003"", ""sub005"", ""sub006"", ""sub007"", ""sub008"", ""sub009"", ""sub010"", ""sub011"", ""sub012"", ""sub013"", ""sub014"", ""sub015"", ""sub016"", ""sub017"", ""sub018"", ""sub019"", ""sub020"", ""sub022"", ""sub023"", ""sub025"", ""sub026"", ""sub027"", ""sub029"", ""sub030"", ""sub031"", ""sub032"", ""sub033"", ""sub034"", ""sub035"", ""sub036"", ""sub037"", ""sub038"", ""sub040"", ""sub041"", ""sub042"", ""sub043"", ""sub044"", ""sub045"", ""sub046"", ""sub047"", ""sub048"", ""sub049"", ""sub050"", ""sub051"", ""sub053"", ""sub054"", ""sub055"", ""sub056"", ""sub058"", ""sub059"", ""sub060"", ""sub061"", ""sub062"", ""sub063"", ""sub064"", ""sub065"", ""sub067"", ""sub068"", ""sub069"", ""sub070"", ""sub071"", ""sub072"", ""sub073"", ""sub074"", ""sub075"", ""sub076"", ""sub077"", ""sub078"", ""sub079"", ""sub082"", ""sub083"", ""sub085"", ""sub086"", ""sub087"", ""sub088"", ""sub089"", ""sub090"", ""sub092"", ""sub093"", ""sub094"", ""sub095"", ""sub097"", ""sub098"", ""sub099"", ""sub100"", ""sub101"", ""sub102"", ""sub103"", ""sub104"", ""sub105"", ""sub106"", ""sub107"", ""sub108"", ""sub109"", ""sub110"", ""sub111"", ""sub112"", ""sub113"", ""sub114"", ""sub115"", ""sub116"", ""sub117"", ""sub118"", ""sub119"", ""sub120"", ""sub121"", ""sub122""]","[""sub004"", ""sub021"", ""sub024"", ""sub028"", ""sub039"", ""sub052"", ""sub057"", ""sub066"", ""sub080"", ""sub081"", ""sub091"", ""sub096""]","sub084","single processed collection","sorted subject IDs; per-target NumPy SeedSequence([seed, fold_index]); permute remaining source IDs; first ceil(validation_fraction*N_source) are validation","20261001"
"FACED","emotion","sub085","[""sub000"", ""sub001"", ""sub002"", ""sub003"", ""sub004"", ""sub005"", ""sub006"", ""sub007"", ""sub008"", ""sub009"", ""sub010"", ""sub013"", ""sub014"", ""sub015"", ""sub016"", ""sub017"", ""sub018"", ""sub019"", ""sub020"", ""sub021"", ""sub022"", ""sub023"", ""sub024"", ""sub025"", ""sub026"", ""sub027"", ""sub029"", ""sub030"", ""sub032"", ""sub033"", ""sub034"", ""sub035"", ""sub036"", ""sub037"", ""sub038"", ""sub039"", ""sub040"", ""sub041"", ""sub042"", ""sub043"", ""sub044"", ""sub045"", ""sub046"", ""sub048"", ""sub049"", ""sub050"", ""sub051"", ""sub053"", ""sub055"", ""sub056"", ""sub057"", ""sub058"", ""sub059"", ""sub060"", ""sub062"", ""sub063"", ""sub064"", ""sub065"", ""sub066"", ""sub067"", ""sub069"", ""sub070"", ""sub071"", ""sub072"", ""sub073"", ""sub074"", ""sub075"", ""sub076"", ""sub077"", ""sub078"", ""sub079"", ""sub080"", ""sub081"", ""sub082"", ""sub083"", ""sub084"", ""sub086"", ""sub087"", ""sub088"", ""sub089"", ""sub090"", ""sub091"", ""sub092"", ""sub093"", ""sub095"", ""sub096"", ""sub097"", ""sub098"", ""sub099"", ""sub100"", ""sub101"", ""sub102"", ""sub103"", ""sub104"", ""sub105"", ""sub106"", ""sub107"", ""sub108"", ""sub109"", ""sub110"", ""sub111"", ""sub113"", ""sub114"", ""sub116"", ""sub117"", ""sub118"", ""sub119"", ""sub120"", ""sub121"", ""sub122""]","[""sub011"", ""sub012"", ""sub028"", ""sub031"", ""sub047"", ""sub052"", ""sub054"", ""sub061"", ""sub068"", ""sub094"", ""sub112"", ""sub115""]","sub085","single processed collection","sorted subject IDs; per-target NumPy SeedSequence([seed, fold_index]); permute remaining source IDs; first ceil(validation_fraction*N_source) are validation","20261001"
"FACED","emotion","sub086","[""sub000"", ""sub001"", ""sub002"", ""sub003"", ""sub004"", ""sub005"", ""sub006"", ""sub007"", ""sub008"", ""sub010"", ""sub011"", ""sub013"", ""sub014"", ""sub018"", ""sub019"", ""sub020"", ""sub021"", ""sub022"", ""sub023"", ""sub024"", ""sub025"", ""sub026"", ""sub027"", ""sub028"", ""sub029"", ""sub030"", ""sub031"", ""sub032"", ""sub033"", ""sub034"", ""sub035"", ""sub036"", ""sub037"", ""sub038"", ""sub039"", ""sub040"", ""sub041"", ""sub042"", ""sub043"", ""sub044"", ""sub045"", ""sub046"", ""sub047"", ""sub048"", ""sub049"", ""sub050"", ""sub051"", ""sub052"", ""sub053"", ""sub054"", ""sub055"", ""sub057"", ""sub058"", ""sub059"", ""sub061"", ""sub062"", ""sub064"", ""sub065"", ""sub066"", ""sub067"", ""sub068"", ""sub069"", ""sub070"", ""sub072"", ""sub073"", ""sub074"", ""sub075"", ""sub076"", ""sub077"", ""sub078"", ""sub079"", ""sub080"", ""sub081"", ""sub082"", ""sub083"", ""sub084"", ""sub085"", ""sub087"", ""sub088"", ""sub089"", ""sub090"", ""sub091"", ""sub092"", ""sub093"", ""sub094"", ""sub095"", ""sub096"", ""sub097"", ""sub098"", ""sub099"", ""sub100"", ""sub101"", ""sub102"", ""sub103"", ""sub104"", ""sub106"", ""sub107"", ""sub108"", ""sub110"", ""sub112"", ""sub113"", ""sub114"", ""sub115"", ""sub116"", ""sub117"", ""sub118"", ""sub119"", ""sub120"", ""sub121"", ""sub122""]","[""sub009"", ""sub012"", ""sub015"", ""sub016"", ""sub017"", ""sub056"", ""sub060"", ""sub063"", ""sub071"", ""sub105"", ""sub109"", ""sub111""]","sub086","single processed collection","sorted subject IDs; per-target NumPy SeedSequence([seed, fold_index]); permute remaining source IDs; first ceil(validation_fraction*N_source) are validation","20261001"
"FACED","emotion","sub087","[""sub001"", ""sub002"", ""sub003"", ""sub004"", ""sub005"", ""sub006"", ""sub008"", ""sub010"", ""sub011"", ""sub012"", ""sub013"", ""sub014"", ""sub015"", ""sub016"", ""sub017"", ""sub018"", ""sub019"", ""sub020"", ""sub021"", ""sub022"", ""sub023"", ""sub024"", ""sub025"", ""sub026"", ""sub027"", ""sub029"", ""sub030"", ""sub031"", ""sub033"", ""sub034"", ""sub035"", ""sub036"", ""sub037"", ""sub038"", ""sub039"", ""sub040"", ""sub041"", ""sub043"", ""sub044"", ""sub046"", ""sub047"", ""sub048"", ""sub049"", ""sub051"", ""sub054"", ""sub055"", ""sub056"", ""sub057"", ""sub058"", ""sub059"", ""sub060"", ""sub061"", ""sub062"", ""sub063"", ""sub064"", ""sub065"", ""sub066"", ""sub067"", ""sub068"", ""sub069"", ""sub070"", ""sub071"", ""sub072"", ""sub073"", ""sub074"", ""sub075"", ""sub076"", ""sub077"", ""sub078"", ""sub079"", ""sub080"", ""sub081"", ""sub082"", ""sub084"", ""sub085"", ""sub086"", ""sub088"", ""sub089"", ""sub090"", ""sub091"", ""sub092"", ""sub093"", ""sub094"", ""sub095"", ""sub096"", ""sub097"", ""sub098"", ""sub099"", ""sub100"", ""sub101"", ""sub102"", ""sub103"", ""sub104"", ""sub105"", ""sub106"", ""sub107"", ""sub108"", ""sub109"", ""sub110"", ""sub111"", ""sub112"", ""sub113"", ""sub114"", ""sub115"", ""sub117"", ""sub118"", ""sub119"", ""sub120"", ""sub121"", ""sub122""]","[""sub000"", ""sub007"", ""sub009"", ""sub028"", ""sub032"", ""sub042"", ""sub045"", ""sub050"", ""sub052"", ""sub053"", ""sub083"", ""sub116""]","sub087","single processed collection","sorted subject IDs; per-target NumPy SeedSequence([seed, fold_index]); permute remaining source IDs; first ceil(validation_fraction*N_source) are validation","20261001"
"FACED","emotion","sub088","[""sub000"", ""sub001"", ""sub002"", ""sub003"", ""sub004"", ""sub005"", ""sub006"", ""sub007"", ""sub008"", ""sub011"", ""sub012"", ""sub013"", ""sub014"", ""sub015"", ""sub016"", ""sub017"", ""sub018"", ""sub019"", ""sub020"", ""sub021"", ""sub022"", ""sub023"", ""sub024"", ""sub025"", ""sub026"", ""sub027"", ""sub029"", ""sub030"", ""sub031"", ""sub032"", ""sub034"", ""sub035"", ""sub036"", ""sub038"", ""sub039"", ""sub040"", ""sub041"", ""sub044"", ""sub045"", ""sub046"", ""sub047"", ""sub049"", ""sub050"", ""sub051"", ""sub052"", ""sub053"", ""sub054"", ""sub055"", ""sub056"", ""sub057"", ""sub058"", ""sub059"", ""sub060"", ""sub061"", ""sub062"", ""sub063"", ""sub064"", ""sub066"", ""sub067"", ""sub068"", ""sub069"", ""sub070"", ""sub071"", ""sub072"", ""sub073"", ""sub074"", ""sub075"", ""sub076"", ""sub077"", ""sub078"", ""sub079"", ""sub080"", ""sub082"", ""sub083"", ""sub084"", ""sub085"", ""sub086"", ""sub087"", ""sub089"", ""sub090"", ""sub091"", ""sub092"", ""sub093"", ""sub094"", ""sub095"", ""sub096"", ""sub098"", ""sub099"", ""sub100"", ""sub101"", ""sub102"", ""sub103"", ""sub104"", ""sub105"", ""sub106"", ""sub107"", ""sub108"", ""sub109"", ""sub110"", ""sub111"", ""sub112"", ""sub113"", ""sub114"", ""sub116"", ""sub117"", ""sub118"", ""sub119"", ""sub120"", ""sub121"", ""sub122""]","[""sub009"", ""sub010"", ""sub028"", ""sub033"", ""sub037"", ""sub042"", ""sub043"", ""sub048"", ""sub065"", ""sub081"", ""sub097"", ""sub115""]","sub088","single processed collection","sorted subject IDs; per-target NumPy SeedSequence([seed, fold_index]); permute remaining source IDs; first ceil(validation_fraction*N_source) are validation","20261001"
"FACED","emotion","sub089","[""sub000"", ""sub002"", ""sub003"", ""sub005"", ""sub006"", ""sub007"", ""sub009"", ""sub010"", ""sub011"", ""sub012"", ""sub013"", ""sub014"", ""sub015"", ""sub016"", ""sub017"", ""sub018"", ""sub019"", ""sub020"", ""sub022"", ""sub023"", ""sub024"", ""sub025"", ""sub026"", ""sub027"", ""sub029"", ""sub030"", ""sub031"", ""sub032"", ""sub033"", ""sub034"", ""sub035"", ""sub036"", ""sub037"", ""sub038"", ""sub039"", ""sub040"", ""sub042"", ""sub043"", ""sub044"", ""sub045"", ""sub046"", ""sub048"", ""sub050"", ""sub051"", ""sub052"", ""sub053"", ""sub054"", ""sub055"", ""sub056"", ""sub057"", ""sub058"", ""sub059"", ""sub060"", ""sub061"", ""sub062"", ""sub063"", ""sub064"", ""sub065"", ""sub066"", ""sub067"", ""sub068"", ""sub069"", ""sub070"", ""sub072"", ""sub073"", ""sub074"", ""sub075"", ""sub076"", ""sub077"", ""sub078"", ""sub079"", ""sub080"", ""sub082"", ""sub083"", ""sub084"", ""sub085"", ""sub086"", ""sub087"", ""sub088"", ""sub090"", ""sub091"", ""sub092"", ""sub093"", ""sub094"", ""sub095"", ""sub096"", ""sub097"", ""sub098"", ""sub100"", ""sub101"", ""sub102"", ""sub103"", ""sub104"", ""sub105"", ""sub106"", ""sub107"", ""sub108"", ""sub109"", ""sub111"", ""sub112"", ""sub113"", ""sub114"", ""sub115"", ""sub116"", ""sub117"", ""sub118"", ""sub119"", ""sub120"", ""sub121"", ""sub122""]","[""sub001"", ""sub004"", ""sub008"", ""sub021"", ""sub028"", ""sub041"", ""sub047"", ""sub049"", ""sub071"", ""sub081"", ""sub099"", ""sub110""]","sub089","single processed collection","sorted subject IDs; per-target NumPy SeedSequence([seed, fold_index]); permute remaining source IDs; first ceil(validation_fraction*N_source) are validation","20261001"
"FACED","emotion","sub090","[""sub000"", ""sub001"", ""sub003"", ""sub004"", ""sub005"", ""sub006"", ""sub007"", ""sub008"", ""sub009"", ""sub010"", ""sub011"", ""sub012"", ""sub013"", ""sub014"", ""sub016"", ""sub017"", ""sub020"", ""sub021"", ""sub022"", ""sub023"", ""sub024"", ""sub025"", ""sub026"", ""sub027"", ""sub028"", ""sub029"", ""sub030"", ""sub031"", ""sub032"", ""sub033"", ""sub034"", ""sub035"", ""sub036"", ""sub037"", ""sub038"", ""sub039"", ""sub040"", ""sub041"", ""sub042"", ""sub043"", ""sub045"", ""sub046"", ""sub047"", ""sub048"", ""sub049"", ""sub050"", ""sub051"", ""sub052"", ""sub053"", ""sub054"", ""sub056"", ""sub057"", ""sub058"", ""sub059"", ""sub060"", ""sub061"", ""sub062"", ""sub063"", ""sub064"", ""sub065"", ""sub066"", ""sub067"", ""sub068"", ""sub069"", ""sub070"", ""sub071"", ""sub072"", ""sub073"", ""sub075"", ""sub076"", ""sub077"", ""sub078"", ""sub079"", ""sub080"", ""sub081"", ""sub082"", ""sub083"", ""sub084"", ""sub085"", ""sub086"", ""sub087"", ""sub088"", ""sub089"", ""sub091"", ""sub092"", ""sub093"", ""sub094"", ""sub095"", ""sub097"", ""sub098"", ""sub099"", ""sub100"", ""sub101"", ""sub102"", ""sub103"", ""sub104"", ""sub105"", ""sub106"", ""sub108"", ""sub109"", ""sub110"", ""sub111"", ""sub112"", ""sub114"", ""sub115"", ""sub116"", ""sub117"", ""sub118"", ""sub119"", ""sub122""]","[""sub002"", ""sub015"", ""sub018"", ""sub019"", ""sub044"", ""sub055"", ""sub074"", ""sub096"", ""sub107"", ""sub113"", ""sub120"", ""sub121""]","sub090","single processed collection","sorted subject IDs; per-target NumPy SeedSequence([seed, fold_index]); permute remaining source IDs; first ceil(validation_fraction*N_source) are validation","20261001"
"FACED","emotion","sub091","[""sub000"", ""sub001"", ""sub002"", ""sub003"", ""sub004"", ""sub005"", ""sub006"", ""sub007"", ""sub008"", ""sub009"", ""sub010"", ""sub012"", ""sub015"", ""sub016"", ""sub017"", ""sub018"", ""sub019"", ""sub020"", ""sub021"", ""sub022"", ""sub023"", ""sub024"", ""sub025"", ""sub026"", ""sub027"", ""sub028"", ""sub029"", ""sub030"", ""sub031"", ""sub032"", ""sub033"", ""sub036"", ""sub037"", ""sub038"", ""sub039"", ""sub041"", ""sub042"", ""sub043"", ""sub044"", ""sub045"", ""sub046"", ""sub047"", ""sub048"", ""sub049"", ""sub050"", ""sub051"", ""sub052"", ""sub053"", ""sub054"", ""sub055"", ""sub056"", ""sub057"", ""sub058"", ""sub059"", ""sub060"", ""sub061"", ""sub062"", ""sub063"", ""sub064"", ""sub065"", ""sub066"", ""sub067"", ""sub069"", ""sub070"", ""sub071"", ""sub072"", ""sub073"", ""sub074"", ""sub075"", ""sub076"", ""sub077"", ""sub078"", ""sub079"", ""sub080"", ""sub081"", ""sub082"", ""sub083"", ""sub084"", ""sub086"", ""sub088"", ""sub089"", ""sub092"", ""sub093"", ""sub094"", ""sub095"", ""sub096"", ""sub097"", ""sub098"", ""sub099"", ""sub100"", ""sub101"", ""sub102"", ""sub103"", ""sub104"", ""sub105"", ""sub106"", ""sub107"", ""sub108"", ""sub109"", ""sub110"", ""sub111"", ""sub112"", ""sub114"", ""sub116"", ""sub117"", ""sub118"", ""sub119"", ""sub120"", ""sub121"", ""sub122""]","[""sub011"", ""sub013"", ""sub014"", ""sub034"", ""sub035"", ""sub040"", ""sub068"", ""sub085"", ""sub087"", ""sub090"", ""sub113"", ""sub115""]","sub091","single processed collection","sorted subject IDs; per-target NumPy SeedSequence([seed, fold_index]); permute remaining source IDs; first ceil(validation_fraction*N_source) are validation","20261001"
"FACED","emotion","sub092","[""sub000"", ""sub001"", ""sub002"", ""sub003"", ""sub004"", ""sub005"", ""sub006"", ""sub008"", ""sub009"", ""sub011"", ""sub012"", ""sub013"", ""sub014"", ""sub016"", ""sub017"", ""sub018"", ""sub019"", ""sub020"", ""sub021"", ""sub022"", ""sub023"", ""sub024"", ""sub025"", ""sub026"", ""sub027"", ""sub028"", ""sub029"", ""sub030"", ""sub031"", ""sub032"", ""sub033"", ""sub034"", ""sub035"", ""sub037"", ""sub038"", ""sub040"", ""sub041"", ""sub042"", ""sub043"", ""sub044"", ""sub045"", ""sub046"", ""sub047"", ""sub048"", ""sub049"", ""sub050"", ""sub051"", ""sub052"", ""sub053"", ""sub054"", ""sub056"", ""sub057"", ""sub058"", ""sub059"", ""sub060"", ""sub061"", ""sub062"", ""sub063"", ""sub064"", ""sub065"", ""sub067"", ""sub068"", ""sub070"", ""sub072"", ""sub073"", ""sub074"", ""sub075"", ""sub076"", ""sub077"", ""sub078"", ""sub079"", ""sub080"", ""sub081"", ""sub082"", ""sub083"", ""sub084"", ""sub085"", ""sub086"", ""sub087"", ""sub088"", ""sub089"", ""sub090"", ""sub093"", ""sub094"", ""sub095"", ""sub096"", ""sub097"", ""sub098"", ""sub099"", ""sub100"", ""sub101"", ""sub102"", ""sub103"", ""sub104"", ""sub105"", ""sub106"", ""sub107"", ""sub108"", ""sub109"", ""sub111"", ""sub112"", ""sub113"", ""sub114"", ""sub115"", ""sub116"", ""sub117"", ""sub119"", ""sub120"", ""sub121"", ""sub122""]","[""sub007"", ""sub010"", ""sub015"", ""sub036"", ""sub039"", ""sub055"", ""sub066"", ""sub069"", ""sub071"", ""sub091"", ""sub110"", ""sub118""]","sub092","single processed collection","sorted subject IDs; per-target NumPy SeedSequence([seed, fold_index]); permute remaining source IDs; first ceil(validation_fraction*N_source) are validation","20261001"
"FACED","emotion","sub093","[""sub000"", ""sub001"", ""sub002"", ""sub004"", ""sub005"", ""sub006"", ""sub007"", ""sub008"", ""sub010"", ""sub011"", ""sub012"", ""sub013"", ""sub014"", ""sub015"", ""sub017"", ""sub018"", ""sub019"", ""sub020"", ""sub021"", ""sub022"", ""sub023"", ""sub024"", ""sub025"", ""sub026"", ""sub027"", ""sub028"", ""sub029"", ""sub030"", ""sub031"", ""sub032"", ""sub033"", ""sub034"", ""sub035"", ""sub036"", ""sub037"", ""sub038"", ""sub039"", ""sub040"", ""sub041"", ""sub042"", ""sub043"", ""sub044"", ""sub047"", ""sub048"", ""sub049"", ""sub051"", ""sub052"", ""sub053"", ""sub054"", ""sub055"", ""sub056"", ""sub057"", ""sub058"", ""sub059"", ""sub060"", ""sub061"", ""sub062"", ""sub063"", ""sub064"", ""sub065"", ""sub066"", ""sub067"", ""sub068"", ""sub069"", ""sub070"", ""sub071"", ""sub072"", ""sub073"", ""sub074"", ""sub075"", ""sub076"", ""sub077"", ""sub078"", ""sub079"", ""sub080"", ""sub082"", ""sub083"", ""sub084"", ""sub085"", ""sub086"", ""sub088"", ""sub089"", ""sub090"", ""sub091"", ""sub094"", ""sub095"", ""sub096"", ""sub097"", ""sub099"", ""sub100"", ""sub101"", ""sub102"", ""sub103"", ""sub104"", ""sub107"", ""sub108"", ""sub109"", ""sub110"", ""sub111"", ""sub112"", ""sub113"", ""sub114"", ""sub115"", ""sub116"", ""sub117"", ""sub118"", ""sub119"", ""sub120"", ""sub121"", ""sub122""]","[""sub003"", ""sub009"", ""sub016"", ""sub045"", ""sub046"", ""sub050"", ""sub081"", ""sub087"", ""sub092"", ""sub098"", ""sub105"", ""sub106""]","sub093","single processed collection","sorted subject IDs; per-target NumPy SeedSequence([seed, fold_index]); permute remaining source IDs; first ceil(validation_fraction*N_source) are validation","20261001"
"FACED","emotion","sub094","[""sub000"", ""sub002"", ""sub003"", ""sub004"", ""sub005"", ""sub007"", ""sub008"", ""sub009"", ""sub010"", ""sub012"", ""sub013"", ""sub014"", ""sub015"", ""sub016"", ""sub017"", ""sub018"", ""sub019"", ""sub020"", ""sub021"", ""sub022"", ""sub023"", ""sub024"", ""sub025"", ""sub026"", ""sub027"", ""sub028"", ""sub029"", ""sub030"", ""sub031"", ""sub032"", ""sub033"", ""sub034"", ""sub036"", ""sub037"", ""sub038"", ""sub039"", ""sub040"", ""sub041"", ""sub042"", ""sub043"", ""sub044"", ""sub045"", ""sub046"", ""sub047"", ""sub048"", ""sub049"", ""sub050"", ""sub052"", ""sub053"", ""sub054"", ""sub056"", ""sub057"", ""sub058"", ""sub059"", ""sub061"", ""sub062"", ""sub063"", ""sub064"", ""sub065"", ""sub066"", ""sub067"", ""sub068"", ""sub070"", ""sub071"", ""sub072"", ""sub073"", ""sub074"", ""sub075"", ""sub076"", ""sub078"", ""sub079"", ""sub080"", ""sub081"", ""sub082"", ""sub083"", ""sub084"", ""sub086"", ""sub087"", ""sub088"", ""sub089"", ""sub090"", ""sub091"", ""sub092"", ""sub093"", ""sub095"", ""sub096"", ""sub097"", ""sub098"", ""sub099"", ""sub100"", ""sub101"", ""sub102"", ""sub103"", ""sub104"", ""sub105"", ""sub106"", ""sub108"", ""sub109"", ""sub110"", ""sub111"", ""sub112"", ""sub113"", ""sub114"", ""sub115"", ""sub116"", ""sub118"", ""sub119"", ""sub120"", ""sub121"", ""sub122""]","[""sub001"", ""sub006"", ""sub011"", ""sub035"", ""sub051"", ""sub055"", ""sub060"", ""sub069"", ""sub077"", ""sub085"", ""sub107"", ""sub117""]","sub094","single processed collection","sorted subject IDs; per-target NumPy SeedSequence([seed, fold_index]); permute remaining source IDs; first ceil(validation_fraction*N_source) are validation","20261001"
"FACED","emotion","sub095","[""sub000"", ""sub001"", ""sub002"", ""sub003"", ""sub004"", ""sub005"", ""sub006"", ""sub007"", ""sub008"", ""sub009"", ""sub010"", ""sub011"", ""sub012"", ""sub013"", ""sub014"", ""sub016"", ""sub017"", ""sub018"", ""sub019"", ""sub020"", ""sub022"", ""sub024"", ""sub025"", ""sub027"", ""sub029"", ""sub030"", ""sub031"", ""sub032"", ""sub033"", ""sub034"", ""sub035"", ""sub036"", ""sub037"", ""sub038"", ""sub039"", ""sub040"", ""sub041"", ""sub042"", ""sub043"", ""sub044"", ""sub045"", ""sub046"", ""sub047"", ""sub048"", ""sub049"", ""sub050"", ""sub051"", ""sub052"", ""sub053"", ""sub054"", ""sub055"", ""sub056"", ""sub057"", ""sub058"", ""sub059"", ""sub061"", ""sub062"", ""sub063"", ""sub064"", ""sub065"", ""sub066"", ""sub067"", ""sub068"", ""sub069"", ""sub070"", ""sub071"", ""sub072"", ""sub073"", ""sub074"", ""sub075"", ""sub076"", ""sub077"", ""sub079"", ""sub080"", ""sub081"", ""sub082"", ""sub083"", ""sub084"", ""sub086"", ""sub088"", ""sub089"", ""sub090"", ""sub091"", ""sub092"", ""sub093"", ""sub094"", ""sub096"", ""sub097"", ""sub098"", ""sub099"", ""sub100"", ""sub101"", ""sub102"", ""sub103"", ""sub105"", ""sub107"", ""sub108"", ""sub109"", ""sub110"", ""sub111"", ""sub112"", ""sub113"", ""sub114"", ""sub115"", ""sub116"", ""sub117"", ""sub118"", ""sub119"", ""sub120"", ""sub122""]","[""sub015"", ""sub021"", ""sub023"", ""sub026"", ""sub028"", ""sub060"", ""sub078"", ""sub085"", ""sub087"", ""sub104"", ""sub106"", ""sub121""]","sub095","single processed collection","sorted subject IDs; per-target NumPy SeedSequence([seed, fold_index]); permute remaining source IDs; first ceil(validation_fraction*N_source) are validation","20261001"
"FACED","emotion","sub096","[""sub000"", ""sub001"", ""sub002"", ""sub003"", ""sub004"", ""sub005"", ""sub006"", ""sub007"", ""sub008"", ""sub009"", ""sub010"", ""sub011"", ""sub012"", ""sub013"", ""sub014"", ""sub015"", ""sub016"", ""sub018"", ""sub019"", ""sub020"", ""sub021"", ""sub022"", ""sub023"", ""sub025"", ""sub026"", ""sub027"", ""sub028"", ""sub029"", ""sub030"", ""sub031"", ""sub032"", ""sub033"", ""sub034"", ""sub035"", ""sub037"", ""sub038"", ""sub039"", ""sub040"", ""sub041"", ""sub042"", ""sub044"", ""sub046"", ""sub047"", ""sub048"", ""sub049"", ""sub050"", ""sub051"", ""sub052"", ""sub053"", ""sub054"", ""sub055"", ""sub056"", ""sub057"", ""sub058"", ""sub059"", ""sub060"", ""sub061"", ""sub062"", ""sub063"", ""sub064"", ""sub065"", ""sub066"", ""sub067"", ""sub068"", ""sub069"", ""sub070"", ""sub071"", ""sub072"", ""sub073"", ""sub074"", ""sub075"", ""sub076"", ""sub078"", ""sub079"", ""sub080"", ""sub081"", ""sub082"", ""sub083"", ""sub086"", ""sub087"", ""sub088"", ""sub089"", ""sub090"", ""sub091"", ""sub092"", ""sub093"", ""sub094"", ""sub095"", ""sub097"", ""sub098"", ""sub099"", ""sub100"", ""sub101"", ""sub102"", ""sub103"", ""sub104"", ""sub105"", ""sub107"", ""sub109"", ""sub110"", ""sub111"", ""sub113"", ""sub114"", ""sub115"", ""sub116"", ""sub117"", ""sub118"", ""sub119"", ""sub120"", ""sub121""]","[""sub017"", ""sub024"", ""sub036"", ""sub043"", ""sub045"", ""sub077"", ""sub084"", ""sub085"", ""sub106"", ""sub108"", ""sub112"", ""sub122""]","sub096","single processed collection","sorted subject IDs; per-target NumPy SeedSequence([seed, fold_index]); permute remaining source IDs; first ceil(validation_fraction*N_source) are validation","20261001"
"FACED","emotion","sub097","[""sub000"", ""sub001"", ""sub002"", ""sub003"", ""sub004"", ""sub005"", ""sub006"", ""sub007"", ""sub008"", ""sub009"", ""sub010"", ""sub011"", ""sub012"", ""sub013"", ""sub014"", ""sub016"", ""sub017"", ""sub018"", ""sub019"", ""sub020"", ""sub021"", ""sub024"", ""sub025"", ""sub027"", ""sub028"", ""sub029"", ""sub030"", ""sub032"", ""sub033"", ""sub034"", ""sub035"", ""sub036"", ""sub037"", ""sub038"", ""sub039"", ""sub040"", ""sub041"", ""sub042"", ""sub043"", ""sub044"", ""sub045"", ""sub046"", ""sub047"", ""sub048"", ""sub049"", ""sub050"", ""sub051"", ""sub052"", ""sub053"", ""sub055"", ""sub056"", ""sub057"", ""sub058"", ""sub059"", ""sub060"", ""sub061"", ""sub062"", ""sub064"", ""sub065"", ""sub066"", ""sub067"", ""sub068"", ""sub069"", ""sub070"", ""sub071"", ""sub072"", ""sub073"", ""sub074"", ""sub075"", ""sub077"", ""sub078"", ""sub079"", ""sub080"", ""sub081"", ""sub082"", ""sub084"", ""sub085"", ""sub086"", ""sub087"", ""sub088"", ""sub089"", ""sub090"", ""sub091"", ""sub092"", ""sub093"", ""sub094"", ""sub095"", ""sub096"", ""sub100"", ""sub101"", ""sub102"", ""sub103"", ""sub105"", ""sub106"", ""sub107"", ""sub108"", ""sub109"", ""sub110"", ""sub111"", ""sub112"", ""sub113"", ""sub114"", ""sub115"", ""sub116"", ""sub117"", ""sub118"", ""sub119"", ""sub120"", ""sub121"", ""sub122""]","[""sub015"", ""sub022"", ""sub023"", ""sub026"", ""sub031"", ""sub054"", ""sub063"", ""sub076"", ""sub083"", ""sub098"", ""sub099"", ""sub104""]","sub097","single processed collection","sorted subject IDs; per-target NumPy SeedSequence([seed, fold_index]); permute remaining source IDs; first ceil(validation_fraction*N_source) are validation","20261001"
"FACED","emotion","sub098","[""sub000"", ""sub001"", ""sub002"", ""sub003"", ""sub004"", ""sub005"", ""sub006"", ""sub007"", ""sub008"", ""sub010"", ""sub011"", ""sub012"", ""sub013"", ""sub014"", ""sub015"", ""sub017"", ""sub018"", ""sub019"", ""sub020"", ""sub021"", ""sub022"", ""sub023"", ""sub024"", ""sub025"", ""sub026"", ""sub027"", ""sub028"", ""sub029"", ""sub030"", ""sub031"", ""sub032"", ""sub033"", ""sub034"", ""sub035"", ""sub038"", ""sub039"", ""sub040"", ""sub041"", ""sub042"", ""sub043"", ""sub044"", ""sub045"", ""sub046"", ""sub047"", ""sub048"", ""sub049"", ""sub050"", ""sub051"", ""sub052"", ""sub053"", ""sub054"", ""sub055"", ""sub056"", ""sub057"", ""sub058"", ""sub060"", ""sub061"", ""sub062"", ""sub063"", ""sub064"", ""sub065"", ""sub066"", ""sub067"", ""sub068"", ""sub069"", ""sub070"", ""sub071"", ""sub072"", ""sub073"", ""sub074"", ""sub075"", ""sub076"", ""sub077"", ""sub078"", ""sub079"", ""sub080"", ""sub081"", ""sub082"", ""sub084"", ""sub085"", ""sub086"", ""sub087"", ""sub088"", ""sub089"", ""sub090"", ""sub091"", ""sub092"", ""sub093"", ""sub096"", ""sub097"", ""sub099"", ""sub100"", ""sub101"", ""sub102"", ""sub103"", ""sub105"", ""sub106"", ""sub107"", ""sub108"", ""sub109"", ""sub110"", ""sub112"", ""sub113"", ""sub114"", ""sub115"", ""sub116"", ""sub118"", ""sub119"", ""sub121"", ""sub122""]","[""sub009"", ""sub016"", ""sub036"", ""sub037"", ""sub059"", ""sub083"", ""sub094"", ""sub095"", ""sub104"", ""sub111"", ""sub117"", ""sub120""]","sub098","single processed collection","sorted subject IDs; per-target NumPy SeedSequence([seed, fold_index]); permute remaining source IDs; first ceil(validation_fraction*N_source) are validation","20261001"
"FACED","emotion","sub099","[""sub001"", ""sub002"", ""sub003"", ""sub004"", ""sub006"", ""sub007"", ""sub008"", ""sub009"", ""sub010"", ""sub011"", ""sub012"", ""sub013"", ""sub014"", ""sub015"", ""sub016"", ""sub017"", ""sub018"", ""sub019"", ""sub020"", ""sub021"", ""sub022"", ""sub023"", ""sub024"", ""sub025"", ""sub026"", ""sub027"", ""sub029"", ""sub030"", ""sub031"", ""sub032"", ""sub033"", ""sub034"", ""sub035"", ""sub036"", ""sub037"", ""sub039"", ""sub040"", ""sub041"", ""sub043"", ""sub044"", ""sub045"", ""sub046"", ""sub047"", ""sub048"", ""sub049"", ""sub051"", ""sub052"", ""sub054"", ""sub056"", ""sub057"", ""sub058"", ""sub059"", ""sub060"", ""sub061"", ""sub062"", ""sub063"", ""sub064"", ""sub065"", ""sub066"", ""sub067"", ""sub068"", ""sub069"", ""sub070"", ""sub071"", ""sub072"", ""sub073"", ""sub074"", ""sub075"", ""sub076"", ""sub078"", ""sub079"", ""sub080"", ""sub081"", ""sub082"", ""sub083"", ""sub084"", ""sub085"", ""sub086"", ""sub087"", ""sub088"", ""sub089"", ""sub090"", ""sub091"", ""sub092"", ""sub093"", ""sub094"", ""sub095"", ""sub096"", ""sub097"", ""sub101"", ""sub102"", ""sub103"", ""sub104"", ""sub105"", ""sub106"", ""sub107"", ""sub108"", ""sub109"", ""sub110"", ""sub111"", ""sub112"", ""sub113"", ""sub114"", ""sub115"", ""sub116"", ""sub117"", ""sub118"", ""sub119"", ""sub121"", ""sub122""]","[""sub000"", ""sub005"", ""sub028"", ""sub038"", ""sub042"", ""sub050"", ""sub053"", ""sub055"", ""sub077"", ""sub098"", ""sub100"", ""sub120""]","sub099","single processed collection","sorted subject IDs; per-target NumPy SeedSequence([seed, fold_index]); permute remaining source IDs; first ceil(validation_fraction*N_source) are validation","20261001"
"FACED","emotion","sub100","[""sub000"", ""sub001"", ""sub002"", ""sub003"", ""sub004"", ""sub005"", ""sub006"", ""sub007"", ""sub009"", ""sub010"", ""sub011"", ""sub012"", ""sub014"", ""sub016"", ""sub017"", ""sub018"", ""sub019"", ""sub020"", ""sub021"", ""sub022"", ""sub023"", ""sub024"", ""sub025"", ""sub026"", ""sub027"", ""sub028"", ""sub031"", ""sub032"", ""sub033"", ""sub034"", ""sub035"", ""sub036"", ""sub037"", ""sub038"", ""sub039"", ""sub040"", ""sub041"", ""sub042"", ""sub043"", ""sub046"", ""sub047"", ""sub049"", ""sub050"", ""sub051"", ""sub052"", ""sub053"", ""sub054"", ""sub055"", ""sub056"", ""sub057"", ""sub058"", ""sub059"", ""sub061"", ""sub062"", ""sub063"", ""sub064"", ""sub065"", ""sub066"", ""sub067"", ""sub068"", ""sub069"", ""sub070"", ""sub071"", ""sub072"", ""sub073"", ""sub074"", ""sub075"", ""sub076"", ""sub077"", ""sub078"", ""sub079"", ""sub080"", ""sub081"", ""sub082"", ""sub083"", ""sub084"", ""sub085"", ""sub087"", ""sub088"", ""sub090"", ""sub091"", ""sub092"", ""sub093"", ""sub094"", ""sub095"", ""sub096"", ""sub097"", ""sub098"", ""sub099"", ""sub101"", ""sub102"", ""sub103"", ""sub104"", ""sub106"", ""sub107"", ""sub108"", ""sub109"", ""sub110"", ""sub111"", ""sub112"", ""sub113"", ""sub114"", ""sub115"", ""sub116"", ""sub117"", ""sub118"", ""sub119"", ""sub120"", ""sub121"", ""sub122""]","[""sub008"", ""sub013"", ""sub015"", ""sub029"", ""sub030"", ""sub044"", ""sub045"", ""sub048"", ""sub060"", ""sub086"", ""sub089"", ""sub105""]","sub100","single processed collection","sorted subject IDs; per-target NumPy SeedSequence([seed, fold_index]); permute remaining source IDs; first ceil(validation_fraction*N_source) are validation","20261001"
"FACED","emotion","sub101","[""sub000"", ""sub001"", ""sub002"", ""sub004"", ""sub005"", ""sub006"", ""sub007"", ""sub011"", ""sub012"", ""sub013"", ""sub014"", ""sub015"", ""sub016"", ""sub017"", ""sub018"", ""sub019"", ""sub020"", ""sub021"", ""sub022"", ""sub023"", ""sub024"", ""sub025"", ""sub026"", ""sub027"", ""sub028"", ""sub029"", ""sub030"", ""sub031"", ""sub032"", ""sub033"", ""sub035"", ""sub036"", ""sub037"", ""sub039"", ""sub040"", ""sub041"", ""sub042"", ""sub043"", ""sub044"", ""sub045"", ""sub046"", ""sub047"", ""sub048"", ""sub049"", ""sub050"", ""sub051"", ""sub052"", ""sub053"", ""sub054"", ""sub055"", ""sub056"", ""sub057"", ""sub058"", ""sub060"", ""sub061"", ""sub062"", ""sub064"", ""sub065"", ""sub066"", ""sub067"", ""sub068"", ""sub069"", ""sub070"", ""sub071"", ""sub072"", ""sub073"", ""sub074"", ""sub076"", ""sub077"", ""sub078"", ""sub079"", ""sub080"", ""sub081"", ""sub082"", ""sub083"", ""sub084"", ""sub085"", ""sub086"", ""sub087"", ""sub088"", ""sub089"", ""sub090"", ""sub091"", ""sub092"", ""sub093"", ""sub094"", ""sub095"", ""sub097"", ""sub098"", ""sub099"", ""sub102"", ""sub103"", ""sub104"", ""sub105"", ""sub106"", ""sub107"", ""sub108"", ""sub109"", ""sub110"", ""sub111"", ""sub112"", ""sub113"", ""sub114"", ""sub115"", ""sub116"", ""sub118"", ""sub119"", ""sub120"", ""sub121"", ""sub122""]","[""sub003"", ""sub008"", ""sub009"", ""sub010"", ""sub034"", ""sub038"", ""sub059"", ""sub063"", ""sub075"", ""sub096"", ""sub100"", ""sub117""]","sub101","single processed collection","sorted subject IDs; per-target NumPy SeedSequence([seed, fold_index]); permute remaining source IDs; first ceil(validation_fraction*N_source) are validation","20261001"
"FACED","emotion","sub102","[""sub000"", ""sub001"", ""sub002"", ""sub003"", ""sub004"", ""sub005"", ""sub006"", ""sub007"", ""sub008"", ""sub009"", ""sub010"", ""sub011"", ""sub012"", ""sub013"", ""sub014"", ""sub016"", ""sub017"", ""sub019"", ""sub020"", ""sub021"", ""sub022"", ""sub023"", ""sub025"", ""sub026"", ""sub028"", ""sub029"", ""sub030"", ""sub031"", ""sub033"", ""sub034"", ""sub035"", ""sub036"", ""sub037"", ""sub038"", ""sub039"", ""sub040"", ""sub041"", ""sub042"", ""sub043"", ""sub044"", ""sub045"", ""sub046"", ""sub047"", ""sub048"", ""sub049"", ""sub050"", ""sub051"", ""sub052"", ""sub054"", ""sub055"", ""sub056"", ""sub057"", ""sub058"", ""sub059"", ""sub060"", ""sub061"", ""sub062"", ""sub063"", ""sub065"", ""sub066"", ""sub067"", ""sub068"", ""sub069"", ""sub070"", ""sub072"", ""sub074"", ""sub076"", ""sub077"", ""sub078"", ""sub079"", ""sub080"", ""sub081"", ""sub082"", ""sub083"", ""sub084"", ""sub085"", ""sub086"", ""sub087"", ""sub088"", ""sub090"", ""sub091"", ""sub092"", ""sub093"", ""sub094"", ""sub095"", ""sub096"", ""sub097"", ""sub098"", ""sub099"", ""sub100"", ""sub101"", ""sub103"", ""sub104"", ""sub105"", ""sub106"", ""sub107"", ""sub108"", ""sub109"", ""sub110"", ""sub111"", ""sub112"", ""sub113"", ""sub114"", ""sub115"", ""sub117"", ""sub118"", ""sub119"", ""sub120"", ""sub121"", ""sub122""]","[""sub015"", ""sub018"", ""sub024"", ""sub027"", ""sub032"", ""sub053"", ""sub064"", ""sub071"", ""sub073"", ""sub075"", ""sub089"", ""sub116""]","sub102","single processed collection","sorted subject IDs; per-target NumPy SeedSequence([seed, fold_index]); permute remaining source IDs; first ceil(validation_fraction*N_source) are validation","20261001"
"FACED","emotion","sub103","[""sub000"", ""sub001"", ""sub002"", ""sub003"", ""sub004"", ""sub005"", ""sub007"", ""sub008"", ""sub009"", ""sub012"", ""sub013"", ""sub014"", ""sub015"", ""sub016"", ""sub017"", ""sub019"", ""sub020"", ""sub022"", ""sub023"", ""sub025"", ""sub026"", ""sub027"", ""sub028"", ""sub029"", ""sub030"", ""sub031"", ""sub032"", ""sub033"", ""sub034"", ""sub036"", ""sub037"", ""sub038"", ""sub039"", ""sub040"", ""sub041"", ""sub042"", ""sub043"", ""sub044"", ""sub045"", ""sub046"", ""sub047"", ""sub048"", ""sub049"", ""sub050"", ""sub051"", ""sub052"", ""sub053"", ""sub054"", ""sub055"", ""sub056"", ""sub057"", ""sub058"", ""sub059"", ""sub060"", ""sub061"", ""sub062"", ""sub063"", ""sub064"", ""sub065"", ""sub066"", ""sub067"", ""sub068"", ""sub069"", ""sub070"", ""sub071"", ""sub072"", ""sub073"", ""sub076"", ""sub077"", ""sub078"", ""sub079"", ""sub080"", ""sub081"", ""sub082"", ""sub083"", ""sub084"", ""sub085"", ""sub086"", ""sub087"", ""sub088"", ""sub089"", ""sub090"", ""sub091"", ""sub092"", ""sub093"", ""sub094"", ""sub095"", ""sub096"", ""sub097"", ""sub098"", ""sub099"", ""sub100"", ""sub101"", ""sub102"", ""sub104"", ""sub105"", ""sub106"", ""sub107"", ""sub108"", ""sub109"", ""sub110"", ""sub111"", ""sub112"", ""sub113"", ""sub114"", ""sub115"", ""sub117"", ""sub119"", ""sub120"", ""sub122""]","[""sub006"", ""sub010"", ""sub011"", ""sub018"", ""sub021"", ""sub024"", ""sub035"", ""sub074"", ""sub075"", ""sub116"", ""sub118"", ""sub121""]","sub103","single processed collection","sorted subject IDs; per-target NumPy SeedSequence([seed, fold_index]); permute remaining source IDs; first ceil(validation_fraction*N_source) are validation","20261001"
"FACED","emotion","sub104","[""sub000"", ""sub001"", ""sub002"", ""sub003"", ""sub004"", ""sub005"", ""sub006"", ""sub007"", ""sub008"", ""sub010"", ""sub011"", ""sub012"", ""sub013"", ""sub014"", ""sub015"", ""sub016"", ""sub017"", ""sub018"", ""sub019"", ""sub020"", ""sub021"", ""sub022"", ""sub023"", ""sub024"", ""sub026"", ""sub027"", ""sub028"", ""sub030"", ""sub031"", ""sub032"", ""sub033"", ""sub034"", ""sub035"", ""sub036"", ""sub037"", ""sub039"", ""sub040"", ""sub041"", ""sub042"", ""sub043"", ""sub044"", ""sub046"", ""sub047"", ""sub048"", ""sub049"", ""sub050"", ""sub051"", ""sub052"", ""sub053"", ""sub054"", ""sub055"", ""sub057"", ""sub058"", ""sub059"", ""sub060"", ""sub061"", ""sub062"", ""sub063"", ""sub064"", ""sub065"", ""sub066"", ""sub067"", ""sub068"", ""sub069"", ""sub070"", ""sub071"", ""sub072"", ""sub073"", ""sub074"", ""sub076"", ""sub077"", ""sub078"", ""sub079"", ""sub080"", ""sub081"", ""sub082"", ""sub083"", ""sub084"", ""sub086"", ""sub087"", ""sub088"", ""sub089"", ""sub090"", ""sub091"", ""sub092"", ""sub093"", ""sub095"", ""sub096"", ""sub098"", ""sub099"", ""sub100"", ""sub101"", ""sub102"", ""sub105"", ""sub106"", ""sub107"", ""sub109"", ""sub110"", ""sub111"", ""sub112"", ""sub113"", ""sub114"", ""sub115"", ""sub116"", ""sub117"", ""sub118"", ""sub119"", ""sub120"", ""sub121"", ""sub122""]","[""sub009"", ""sub025"", ""sub029"", ""sub038"", ""sub045"", ""sub056"", ""sub075"", ""sub085"", ""sub094"", ""sub097"", ""sub103"", ""sub108""]","sub104","single processed collection","sorted subject IDs; per-target NumPy SeedSequence([seed, fold_index]); permute remaining source IDs; first ceil(validation_fraction*N_source) are validation","20261001"
"FACED","emotion","sub105","[""sub000"", ""sub001"", ""sub002"", ""sub003"", ""sub004"", ""sub005"", ""sub006"", ""sub007"", ""sub008"", ""sub009"", ""sub010"", ""sub012"", ""sub013"", ""sub014"", ""sub015"", ""sub016"", ""sub017"", ""sub018"", ""sub019"", ""sub020"", ""sub021"", ""sub022"", ""sub023"", ""sub024"", ""sub025"", ""sub026"", ""sub027"", ""sub028"", ""sub029"", ""sub030"", ""sub031"", ""sub032"", ""sub033"", ""sub034"", ""sub035"", ""sub036"", ""sub037"", ""sub038"", ""sub039"", ""sub040"", ""sub041"", ""sub042"", ""sub043"", ""sub044"", ""sub045"", ""sub046"", ""sub047"", ""sub048"", ""sub049"", ""sub050"", ""sub051"", ""sub052"", ""sub053"", ""sub055"", ""sub056"", ""sub057"", ""sub059"", ""sub060"", ""sub062"", ""sub064"", ""sub065"", ""sub066"", ""sub067"", ""sub068"", ""sub070"", ""sub071"", ""sub072"", ""sub073"", ""sub074"", ""sub075"", ""sub076"", ""sub077"", ""sub078"", ""sub079"", ""sub080"", ""sub081"", ""sub082"", ""sub083"", ""sub084"", ""sub085"", ""sub086"", ""sub087"", ""sub088"", ""sub090"", ""sub091"", ""sub094"", ""sub095"", ""sub097"", ""sub098"", ""sub099"", ""sub100"", ""sub101"", ""sub102"", ""sub103"", ""sub104"", ""sub106"", ""sub107"", ""sub108"", ""sub109"", ""sub110"", ""sub111"", ""sub112"", ""sub114"", ""sub115"", ""sub116"", ""sub117"", ""sub119"", ""sub120"", ""sub121"", ""sub122""]","[""sub011"", ""sub054"", ""sub058"", ""sub061"", ""sub063"", ""sub069"", ""sub089"", ""sub092"", ""sub093"", ""sub096"", ""sub113"", ""sub118""]","sub105","single processed collection","sorted subject IDs; per-target NumPy SeedSequence([seed, fold_index]); permute remaining source IDs; first ceil(validation_fraction*N_source) are validation","20261001"
"FACED","emotion","sub106","[""sub000"", ""sub001"", ""sub002"", ""sub003"", ""sub004"", ""sub005"", ""sub006"", ""sub007"", ""sub008"", ""sub009"", ""sub010"", ""sub011"", ""sub013"", ""sub014"", ""sub015"", ""sub016"", ""sub017"", ""sub018"", ""sub019"", ""sub020"", ""sub021"", ""sub023"", ""sub024"", ""sub025"", ""sub026"", ""sub027"", ""sub028"", ""sub029"", ""sub030"", ""sub031"", ""sub032"", ""sub033"", ""sub035"", ""sub036"", ""sub037"", ""sub038"", ""sub039"", ""sub040"", ""sub041"", ""sub042"", ""sub043"", ""sub044"", ""sub045"", ""sub046"", ""sub048"", ""sub049"", ""sub050"", ""sub051"", ""sub052"", ""sub054"", ""sub055"", ""sub056"", ""sub057"", ""sub058"", ""sub059"", ""sub060"", ""sub061"", ""sub062"", ""sub063"", ""sub064"", ""sub065"", ""sub066"", ""sub067"", ""sub070"", ""sub071"", ""sub072"", ""sub073"", ""sub075"", ""sub076"", ""sub077"", ""sub078"", ""sub079"", ""sub080"", ""sub081"", ""sub082"", ""sub083"", ""sub084"", ""sub085"", ""sub086"", ""sub087"", ""sub088"", ""sub089"", ""sub090"", ""sub091"", ""sub092"", ""sub094"", ""sub095"", ""sub096"", ""sub097"", ""sub098"", ""sub099"", ""sub100"", ""sub102"", ""sub104"", ""sub105"", ""sub107"", ""sub108"", ""sub109"", ""sub110"", ""sub112"", ""sub113"", ""sub114"", ""sub115"", ""sub116"", ""sub117"", ""sub118"", ""sub119"", ""sub120"", ""sub121"", ""sub122""]","[""sub012"", ""sub022"", ""sub034"", ""sub047"", ""sub053"", ""sub068"", ""sub069"", ""sub074"", ""sub093"", ""sub101"", ""sub103"", ""sub111""]","sub106","single processed collection","sorted subject IDs; per-target NumPy SeedSequence([seed, fold_index]); permute remaining source IDs; first ceil(validation_fraction*N_source) are validation","20261001"
"FACED","emotion","sub107","[""sub000"", ""sub001"", ""sub002"", ""sub003"", ""sub004"", ""sub005"", ""sub006"", ""sub008"", ""sub009"", ""sub010"", ""sub011"", ""sub012"", ""sub013"", ""sub014"", ""sub015"", ""sub016"", ""sub017"", ""sub018"", ""sub019"", ""sub021"", ""sub022"", ""sub023"", ""sub024"", ""sub025"", ""sub026"", ""sub027"", ""sub028"", ""sub029"", ""sub031"", ""sub032"", ""sub033"", ""sub034"", ""sub035"", ""sub036"", ""sub037"", ""sub038"", ""sub039"", ""sub040"", ""sub042"", ""sub043"", ""sub044"", ""sub045"", ""sub046"", ""sub047"", ""sub048"", ""sub049"", ""sub050"", ""sub051"", ""sub052"", ""sub053"", ""sub054"", ""sub055"", ""sub056"", ""sub057"", ""sub058"", ""sub060"", ""sub061"", ""sub062"", ""sub063"", ""sub064"", ""sub065"", ""sub067"", ""sub068"", ""sub069"", ""sub070"", ""sub071"", ""sub073"", ""sub074"", ""sub075"", ""sub076"", ""sub077"", ""sub078"", ""sub079"", ""sub081"", ""sub082"", ""sub083"", ""sub084"", ""sub085"", ""sub086"", ""sub087"", ""sub088"", ""sub089"", ""sub090"", ""sub091"", ""sub092"", ""sub093"", ""sub094"", ""sub095"", ""sub098"", ""sub099"", ""sub100"", ""sub101"", ""sub102"", ""sub103"", ""sub104"", ""sub105"", ""sub106"", ""sub108"", ""sub109"", ""sub110"", ""sub111"", ""sub112"", ""sub113"", ""sub114"", ""sub115"", ""sub116"", ""sub119"", ""sub120"", ""sub121"", ""sub122""]","[""sub007"", ""sub020"", ""sub030"", ""sub041"", ""sub059"", ""sub066"", ""sub072"", ""sub080"", ""sub096"", ""sub097"", ""sub117"", ""sub118""]","sub107","single processed collection","sorted subject IDs; per-target NumPy SeedSequence([seed, fold_index]); permute remaining source IDs; first ceil(validation_fraction*N_source) are validation","20261001"
"FACED","emotion","sub108","[""sub000"", ""sub001"", ""sub002"", ""sub003"", ""sub004"", ""sub005"", ""sub006"", ""sub007"", ""sub008"", ""sub010"", ""sub011"", ""sub013"", ""sub014"", ""sub015"", ""sub016"", ""sub017"", ""sub018"", ""sub019"", ""sub020"", ""sub022"", ""sub023"", ""sub024"", ""sub025"", ""sub026"", ""sub027"", ""sub029"", ""sub030"", ""sub031"", ""sub032"", ""sub033"", ""sub034"", ""sub035"", ""sub037"", ""sub038"", ""sub039"", ""sub041"", ""sub042"", ""sub043"", ""sub044"", ""sub046"", ""sub047"", ""sub048"", ""sub049"", ""sub050"", ""sub051"", ""sub052"", ""sub053"", ""sub054"", ""sub055"", ""sub056"", ""sub057"", ""sub058"", ""sub059"", ""sub060"", ""sub061"", ""sub062"", ""sub063"", ""sub064"", ""sub065"", ""sub066"", ""sub067"", ""sub068"", ""sub070"", ""sub071"", ""sub072"", ""sub073"", ""sub074"", ""sub075"", ""sub076"", ""sub077"", ""sub078"", ""sub079"", ""sub080"", ""sub082"", ""sub083"", ""sub084"", ""sub085"", ""sub086"", ""sub087"", ""sub088"", ""sub089"", ""sub090"", ""sub091"", ""sub092"", ""sub093"", ""sub094"", ""sub095"", ""sub097"", ""sub098"", ""sub099"", ""sub100"", ""sub101"", ""sub102"", ""sub103"", ""sub105"", ""sub106"", ""sub107"", ""sub110"", ""sub111"", ""sub112"", ""sub113"", ""sub114"", ""sub115"", ""sub116"", ""sub117"", ""sub118"", ""sub119"", ""sub120"", ""sub121"", ""sub122""]","[""sub009"", ""sub012"", ""sub021"", ""sub028"", ""sub036"", ""sub040"", ""sub045"", ""sub069"", ""sub081"", ""sub096"", ""sub104"", ""sub109""]","sub108","single processed collection","sorted subject IDs; per-target NumPy SeedSequence([seed, fold_index]); permute remaining source IDs; first ceil(validation_fraction*N_source) are validation","20261001"
"FACED","emotion","sub109","[""sub000"", ""sub001"", ""sub002"", ""sub003"", ""sub004"", ""sub005"", ""sub006"", ""sub007"", ""sub008"", ""sub009"", ""sub010"", ""sub011"", ""sub013"", ""sub014"", ""sub015"", ""sub017"", ""sub018"", ""sub019"", ""sub020"", ""sub021"", ""sub025"", ""sub026"", ""sub027"", ""sub028"", ""sub029"", ""sub030"", ""sub031"", ""sub032"", ""sub033"", ""sub034"", ""sub035"", ""sub036"", ""sub037"", ""sub038"", ""sub039"", ""sub040"", ""sub041"", ""sub042"", ""sub044"", ""sub045"", ""sub046"", ""sub047"", ""sub048"", ""sub049"", ""sub050"", ""sub051"", ""sub054"", ""sub055"", ""sub056"", ""sub057"", ""sub058"", ""sub059"", ""sub060"", ""sub061"", ""sub062"", ""sub063"", ""sub064"", ""sub065"", ""sub066"", ""sub067"", ""sub068"", ""sub069"", ""sub070"", ""sub071"", ""sub072"", ""sub074"", ""sub075"", ""sub076"", ""sub077"", ""sub078"", ""sub079"", ""sub081"", ""sub082"", ""sub083"", ""sub084"", ""sub085"", ""sub086"", ""sub088"", ""sub089"", ""sub090"", ""sub091"", ""sub092"", ""sub093"", ""sub094"", ""sub095"", ""sub096"", ""sub097"", ""sub098"", ""sub099"", ""sub100"", ""sub101"", ""sub102"", ""sub104"", ""sub105"", ""sub106"", ""sub107"", ""sub108"", ""sub110"", ""sub111"", ""sub112"", ""sub113"", ""sub114"", ""sub115"", ""sub116"", ""sub117"", ""sub118"", ""sub119"", ""sub120"", ""sub121"", ""sub122""]","[""sub012"", ""sub016"", ""sub022"", ""sub023"", ""sub024"", ""sub043"", ""sub052"", ""sub053"", ""sub073"", ""sub080"", ""sub087"", ""sub103""]","sub109","single processed collection","sorted subject IDs; per-target NumPy SeedSequence([seed, fold_index]); permute remaining source IDs; first ceil(validation_fraction*N_source) are validation","20261001"
"FACED","emotion","sub110","[""sub000"", ""sub001"", ""sub002"", ""sub003"", ""sub004"", ""sub005"", ""sub006"", ""sub007"", ""sub008"", ""sub009"", ""sub011"", ""sub013"", ""sub014"", ""sub015"", ""sub016"", ""sub017"", ""sub018"", ""sub019"", ""sub020"", ""sub021"", ""sub022"", ""sub023"", ""sub024"", ""sub025"", ""sub027"", ""sub028"", ""sub030"", ""sub031"", ""sub032"", ""sub033"", ""sub034"", ""sub035"", ""sub036"", ""sub037"", ""sub038"", ""sub040"", ""sub041"", ""sub042"", ""sub043"", ""sub044"", ""sub045"", ""sub046"", ""sub047"", ""sub048"", ""sub049"", ""sub050"", ""sub052"", ""sub053"", ""sub054"", ""sub055"", ""sub056"", ""sub057"", ""sub058"", ""sub059"", ""sub060"", ""sub061"", ""sub063"", ""sub064"", ""sub065"", ""sub066"", ""sub067"", ""sub068"", ""sub069"", ""sub070"", ""sub071"", ""sub072"", ""sub073"", ""sub074"", ""sub075"", ""sub076"", ""sub077"", ""sub080"", ""sub081"", ""sub082"", ""sub083"", ""sub084"", ""sub086"", ""sub087"", ""sub088"", ""sub089"", ""sub090"", ""sub091"", ""sub092"", ""sub093"", ""sub094"", ""sub095"", ""sub096"", ""sub097"", ""sub098"", ""sub099"", ""sub100"", ""sub101"", ""sub102"", ""sub103"", ""sub104"", ""sub105"", ""sub106"", ""sub107"", ""sub108"", ""sub109"", ""sub111"", ""sub112"", ""sub113"", ""sub114"", ""sub115"", ""sub116"", ""sub117"", ""sub118"", ""sub120"", ""sub121""]","[""sub010"", ""sub012"", ""sub026"", ""sub029"", ""sub039"", ""sub051"", ""sub062"", ""sub078"", ""sub079"", ""sub085"", ""sub119"", ""sub122""]","sub110","single processed collection","sorted subject IDs; per-target NumPy SeedSequence([seed, fold_index]); permute remaining source IDs; first ceil(validation_fraction*N_source) are validation","20261001"
"FACED","emotion","sub111","[""sub000"", ""sub001"", ""sub002"", ""sub003"", ""sub004"", ""sub005"", ""sub006"", ""sub007"", ""sub008"", ""sub009"", ""sub010"", ""sub013"", ""sub014"", ""sub015"", ""sub016"", ""sub017"", ""sub018"", ""sub019"", ""sub020"", ""sub021"", ""sub022"", ""sub023"", ""sub025"", ""sub026"", ""sub027"", ""sub028"", ""sub029"", ""sub030"", ""sub031"", ""sub033"", ""sub034"", ""sub035"", ""sub037"", ""sub038"", ""sub039"", ""sub040"", ""sub041"", ""sub042"", ""sub043"", ""sub044"", ""sub045"", ""sub046"", ""sub047"", ""sub048"", ""sub049"", ""sub050"", ""sub051"", ""sub053"", ""sub054"", ""sub055"", ""sub056"", ""sub057"", ""sub058"", ""sub059"", ""sub060"", ""sub061"", ""sub063"", ""sub064"", ""sub065"", ""sub066"", ""sub067"", ""sub068"", ""sub069"", ""sub070"", ""sub071"", ""sub072"", ""sub073"", ""sub074"", ""sub075"", ""sub076"", ""sub077"", ""sub078"", ""sub079"", ""sub080"", ""sub081"", ""sub082"", ""sub084"", ""sub085"", ""sub086"", ""sub087"", ""sub088"", ""sub089"", ""sub090"", ""sub091"", ""sub092"", ""sub093"", ""sub095"", ""sub096"", ""sub098"", ""sub099"", ""sub100"", ""sub101"", ""sub102"", ""sub104"", ""sub105"", ""sub106"", ""sub107"", ""sub108"", ""sub109"", ""sub110"", ""sub112"", ""sub113"", ""sub115"", ""sub116"", ""sub117"", ""sub118"", ""sub119"", ""sub120"", ""sub121"", ""sub122""]","[""sub011"", ""sub012"", ""sub024"", ""sub032"", ""sub036"", ""sub052"", ""sub062"", ""sub083"", ""sub094"", ""sub097"", ""sub103"", ""sub114""]","sub111","single processed collection","sorted subject IDs; per-target NumPy SeedSequence([seed, fold_index]); permute remaining source IDs; first ceil(validation_fraction*N_source) are validation","20261001"
"FACED","emotion","sub112","[""sub000"", ""sub001"", ""sub003"", ""sub004"", ""sub005"", ""sub006"", ""sub007"", ""sub008"", ""sub009"", ""sub010"", ""sub012"", ""sub014"", ""sub015"", ""sub016"", ""sub017"", ""sub018"", ""sub019"", ""sub020"", ""sub021"", ""sub022"", ""sub023"", ""sub024"", ""sub025"", ""sub027"", ""sub028"", ""sub029"", ""sub030"", ""sub031"", ""sub032"", ""sub033"", ""sub034"", ""sub035"", ""sub036"", ""sub037"", ""sub038"", ""sub039"", ""sub040"", ""sub041"", ""sub042"", ""sub043"", ""sub044"", ""sub045"", ""sub046"", ""sub047"", ""sub049"", ""sub050"", ""sub051"", ""sub052"", ""sub053"", ""sub054"", ""sub055"", ""sub056"", ""sub057"", ""sub058"", ""sub059"", ""sub060"", ""sub062"", ""sub064"", ""sub065"", ""sub066"", ""sub067"", ""sub068"", ""sub069"", ""sub070"", ""sub071"", ""sub072"", ""sub073"", ""sub074"", ""sub075"", ""sub076"", ""sub077"", ""sub078"", ""sub079"", ""sub080"", ""sub082"", ""sub083"", ""sub084"", ""sub085"", ""sub086"", ""sub087"", ""sub088"", ""sub089"", ""sub090"", ""sub091"", ""sub092"", ""sub093"", ""sub094"", ""sub096"", ""sub097"", ""sub098"", ""sub099"", ""sub102"", ""sub104"", ""sub105"", ""sub106"", ""sub107"", ""sub108"", ""sub109"", ""sub110"", ""sub111"", ""sub113"", ""sub114"", ""sub115"", ""sub116"", ""sub117"", ""sub118"", ""sub119"", ""sub120"", ""sub121"", ""sub122""]","[""sub002"", ""sub011"", ""sub013"", ""sub026"", ""sub048"", ""sub061"", ""sub063"", ""sub081"", ""sub095"", ""sub100"", ""sub101"", ""sub103""]","sub112","single processed collection","sorted subject IDs; per-target NumPy SeedSequence([seed, fold_index]); permute remaining source IDs; first ceil(validation_fraction*N_source) are validation","20261001"
"FACED","emotion","sub113","[""sub000"", ""sub001"", ""sub002"", ""sub005"", ""sub006"", ""sub007"", ""sub008"", ""sub009"", ""sub011"", ""sub012"", ""sub013"", ""sub014"", ""sub015"", ""sub016"", ""sub017"", ""sub018"", ""sub019"", ""sub020"", ""sub021"", ""sub022"", ""sub023"", ""sub024"", ""sub025"", ""sub026"", ""sub028"", ""sub029"", ""sub030"", ""sub031"", ""sub032"", ""sub033"", ""sub034"", ""sub035"", ""sub037"", ""sub038"", ""sub040"", ""sub041"", ""sub042"", ""sub043"", ""sub044"", ""sub045"", ""sub046"", ""sub047"", ""sub048"", ""sub049"", ""sub050"", ""sub052"", ""sub053"", ""sub054"", ""sub055"", ""sub056"", ""sub057"", ""sub058"", ""sub059"", ""sub060"", ""sub061"", ""sub062"", ""sub063"", ""sub064"", ""sub065"", ""sub066"", ""sub068"", ""sub069"", ""sub070"", ""sub071"", ""sub072"", ""sub073"", ""sub075"", ""sub076"", ""sub077"", ""sub078"", ""sub079"", ""sub080"", ""sub081"", ""sub082"", ""sub083"", ""sub084"", ""sub085"", ""sub086"", ""sub087"", ""sub088"", ""sub089"", ""sub090"", ""sub091"", ""sub092"", ""sub093"", ""sub094"", ""sub095"", ""sub096"", ""sub097"", ""sub098"", ""sub099"", ""sub100"", ""sub101"", ""sub102"", ""sub103"", ""sub104"", ""sub105"", ""sub106"", ""sub107"", ""sub108"", ""sub109"", ""sub110"", ""sub111"", ""sub112"", ""sub115"", ""sub116"", ""sub117"", ""sub120"", ""sub121"", ""sub122""]","[""sub003"", ""sub004"", ""sub010"", ""sub027"", ""sub036"", ""sub039"", ""sub051"", ""sub067"", ""sub074"", ""sub114"", ""sub118"", ""sub119""]","sub113","single processed collection","sorted subject IDs; per-target NumPy SeedSequence([seed, fold_index]); permute remaining source IDs; first ceil(validation_fraction*N_source) are validation","20261001"
"FACED","emotion","sub114","[""sub000"", ""sub001"", ""sub002"", ""sub003"", ""sub004"", ""sub005"", ""sub006"", ""sub007"", ""sub008"", ""sub009"", ""sub010"", ""sub011"", ""sub012"", ""sub013"", ""sub014"", ""sub015"", ""sub016"", ""sub018"", ""sub019"", ""sub020"", ""sub021"", ""sub022"", ""sub023"", ""sub024"", ""sub025"", ""sub026"", ""sub027"", ""sub029"", ""sub031"", ""sub032"", ""sub033"", ""sub034"", ""sub037"", ""sub038"", ""sub039"", ""sub040"", ""sub041"", ""sub042"", ""sub043"", ""sub044"", ""sub045"", ""sub046"", ""sub047"", ""sub048"", ""sub049"", ""sub050"", ""sub051"", ""sub052"", ""sub053"", ""sub054"", ""sub055"", ""sub056"", ""sub057"", ""sub058"", ""sub059"", ""sub060"", ""sub061"", ""sub062"", ""sub063"", ""sub064"", ""sub065"", ""sub067"", ""sub069"", ""sub070"", ""sub071"", ""sub072"", ""sub073"", ""sub074"", ""sub075"", ""sub077"", ""sub078"", ""sub079"", ""sub080"", ""sub081"", ""sub082"", ""sub083"", ""sub084"", ""sub085"", ""sub086"", ""sub087"", ""sub089"", ""sub090"", ""sub091"", ""sub092"", ""sub093"", ""sub094"", ""sub095"", ""sub096"", ""sub097"", ""sub098"", ""sub099"", ""sub100"", ""sub101"", ""sub102"", ""sub103"", ""sub104"", ""sub105"", ""sub106"", ""sub107"", ""sub108"", ""sub109"", ""sub110"", ""sub111"", ""sub112"", ""sub115"", ""sub116"", ""sub117"", ""sub118"", ""sub121"", ""sub122""]","[""sub017"", ""sub028"", ""sub030"", ""sub035"", ""sub036"", ""sub066"", ""sub068"", ""sub076"", ""sub088"", ""sub113"", ""sub119"", ""sub120""]","sub114","single processed collection","sorted subject IDs; per-target NumPy SeedSequence([seed, fold_index]); permute remaining source IDs; first ceil(validation_fraction*N_source) are validation","20261001"
"FACED","emotion","sub115","[""sub000"", ""sub001"", ""sub003"", ""sub004"", ""sub005"", ""sub006"", ""sub007"", ""sub008"", ""sub009"", ""sub010"", ""sub011"", ""sub012"", ""sub013"", ""sub014"", ""sub015"", ""sub016"", ""sub017"", ""sub018"", ""sub019"", ""sub020"", ""sub022"", ""sub023"", ""sub024"", ""sub025"", ""sub026"", ""sub027"", ""sub028"", ""sub029"", ""sub030"", ""sub031"", ""sub032"", ""sub033"", ""sub034"", ""sub038"", ""sub040"", ""sub041"", ""sub042"", ""sub043"", ""sub044"", ""sub045"", ""sub046"", ""sub047"", ""sub048"", ""sub049"", ""sub050"", ""sub051"", ""sub052"", ""sub053"", ""sub054"", ""sub055"", ""sub057"", ""sub058"", ""sub059"", ""sub060"", ""sub061"", ""sub062"", ""sub063"", ""sub064"", ""sub065"", ""sub066"", ""sub067"", ""sub068"", ""sub070"", ""sub071"", ""sub072"", ""sub073"", ""sub074"", ""sub075"", ""sub076"", ""sub078"", ""sub079"", ""sub080"", ""sub082"", ""sub083"", ""sub084"", ""sub085"", ""sub086"", ""sub087"", ""sub088"", ""sub089"", ""sub090"", ""sub091"", ""sub092"", ""sub093"", ""sub094"", ""sub095"", ""sub096"", ""sub097"", ""sub098"", ""sub099"", ""sub100"", ""sub101"", ""sub102"", ""sub103"", ""sub105"", ""sub106"", ""sub107"", ""sub108"", ""sub109"", ""sub110"", ""sub111"", ""sub112"", ""sub113"", ""sub114"", ""sub117"", ""sub118"", ""sub119"", ""sub120"", ""sub121"", ""sub122""]","[""sub002"", ""sub021"", ""sub035"", ""sub036"", ""sub037"", ""sub039"", ""sub056"", ""sub069"", ""sub077"", ""sub081"", ""sub104"", ""sub116""]","sub115","single processed collection","sorted subject IDs; per-target NumPy SeedSequence([seed, fold_index]); permute remaining source IDs; first ceil(validation_fraction*N_source) are validation","20261001"
"FACED","emotion","sub116","[""sub000"", ""sub001"", ""sub002"", ""sub003"", ""sub004"", ""sub005"", ""sub006"", ""sub008"", ""sub009"", ""sub010"", ""sub011"", ""sub012"", ""sub013"", ""sub014"", ""sub015"", ""sub016"", ""sub017"", ""sub018"", ""sub019"", ""sub020"", ""sub021"", ""sub022"", ""sub023"", ""sub024"", ""sub025"", ""sub026"", ""sub027"", ""sub029"", ""sub030"", ""sub031"", ""sub032"", ""sub033"", ""sub034"", ""sub035"", ""sub036"", ""sub038"", ""sub039"", ""sub040"", ""sub041"", ""sub042"", ""sub043"", ""sub045"", ""sub047"", ""sub049"", ""sub050"", ""sub051"", ""sub052"", ""sub053"", ""sub054"", ""sub055"", ""sub056"", ""sub058"", ""sub059"", ""sub060"", ""sub061"", ""sub062"", ""sub063"", ""sub064"", ""sub065"", ""sub066"", ""sub067"", ""sub068"", ""sub069"", ""sub070"", ""sub071"", ""sub072"", ""sub073"", ""sub074"", ""sub075"", ""sub076"", ""sub077"", ""sub078"", ""sub080"", ""sub081"", ""sub082"", ""sub083"", ""sub084"", ""sub085"", ""sub086"", ""sub087"", ""sub089"", ""sub090"", ""sub091"", ""sub092"", ""sub093"", ""sub094"", ""sub095"", ""sub096"", ""sub097"", ""sub098"", ""sub100"", ""sub101"", ""sub102"", ""sub103"", ""sub104"", ""sub105"", ""sub106"", ""sub107"", ""sub108"", ""sub109"", ""sub111"", ""sub112"", ""sub113"", ""sub114"", ""sub115"", ""sub117"", ""sub118"", ""sub119"", ""sub120"", ""sub122""]","[""sub007"", ""sub028"", ""sub037"", ""sub044"", ""sub046"", ""sub048"", ""sub057"", ""sub079"", ""sub088"", ""sub099"", ""sub110"", ""sub121""]","sub116","single processed collection","sorted subject IDs; per-target NumPy SeedSequence([seed, fold_index]); permute remaining source IDs; first ceil(validation_fraction*N_source) are validation","20261001"
"FACED","emotion","sub117","[""sub000"", ""sub001"", ""sub003"", ""sub004"", ""sub005"", ""sub007"", ""sub008"", ""sub010"", ""sub011"", ""sub012"", ""sub013"", ""sub015"", ""sub016"", ""sub017"", ""sub018"", ""sub019"", ""sub020"", ""sub021"", ""sub022"", ""sub023"", ""sub024"", ""sub025"", ""sub026"", ""sub027"", ""sub028"", ""sub029"", ""sub030"", ""sub031"", ""sub033"", ""sub034"", ""sub035"", ""sub036"", ""sub038"", ""sub039"", ""sub040"", ""sub041"", ""sub043"", ""sub044"", ""sub045"", ""sub046"", ""sub048"", ""sub049"", ""sub050"", ""sub052"", ""sub053"", ""sub054"", ""sub055"", ""sub056"", ""sub057"", ""sub058"", ""sub059"", ""sub060"", ""sub061"", ""sub062"", ""sub063"", ""sub064"", ""sub065"", ""sub067"", ""sub068"", ""sub069"", ""sub070"", ""sub071"", ""sub072"", ""sub073"", ""sub074"", ""sub075"", ""sub077"", ""sub078"", ""sub079"", ""sub080"", ""sub081"", ""sub083"", ""sub084"", ""sub085"", ""sub086"", ""sub087"", ""sub088"", ""sub089"", ""sub090"", ""sub091"", ""sub092"", ""sub093"", ""sub094"", ""sub095"", ""sub096"", ""sub097"", ""sub098"", ""sub099"", ""sub100"", ""sub101"", ""sub102"", ""sub103"", ""sub104"", ""sub105"", ""sub106"", ""sub107"", ""sub108"", ""sub109"", ""sub110"", ""sub111"", ""sub112"", ""sub113"", ""sub114"", ""sub115"", ""sub116"", ""sub118"", ""sub119"", ""sub120"", ""sub121"", ""sub122""]","[""sub002"", ""sub006"", ""sub009"", ""sub014"", ""sub032"", ""sub037"", ""sub042"", ""sub047"", ""sub051"", ""sub066"", ""sub076"", ""sub082""]","sub117","single processed collection","sorted subject IDs; per-target NumPy SeedSequence([seed, fold_index]); permute remaining source IDs; first ceil(validation_fraction*N_source) are validation","20261001"
"FACED","emotion","sub118","[""sub000"", ""sub001"", ""sub002"", ""sub004"", ""sub005"", ""sub006"", ""sub007"", ""sub008"", ""sub009"", ""sub010"", ""sub011"", ""sub012"", ""sub013"", ""sub014"", ""sub015"", ""sub016"", ""sub017"", ""sub018"", ""sub019"", ""sub021"", ""sub022"", ""sub023"", ""sub024"", ""sub025"", ""sub026"", ""sub027"", ""sub028"", ""sub029"", ""sub031"", ""sub032"", ""sub033"", ""sub034"", ""sub035"", ""sub036"", ""sub037"", ""sub038"", ""sub039"", ""sub040"", ""sub042"", ""sub043"", ""sub044"", ""sub045"", ""sub046"", ""sub047"", ""sub048"", ""sub049"", ""sub050"", ""sub051"", ""sub052"", ""sub053"", ""sub054"", ""sub055"", ""sub056"", ""sub057"", ""sub058"", ""sub059"", ""sub060"", ""sub061"", ""sub062"", ""sub063"", ""sub064"", ""sub065"", ""sub066"", ""sub069"", ""sub070"", ""sub071"", ""sub072"", ""sub073"", ""sub074"", ""sub075"", ""sub076"", ""sub077"", ""sub078"", ""sub079"", ""sub080"", ""sub081"", ""sub082"", ""sub083"", ""sub084"", ""sub085"", ""sub087"", ""sub088"", ""sub089"", ""sub090"", ""sub091"", ""sub092"", ""sub093"", ""sub094"", ""sub095"", ""sub096"", ""sub097"", ""sub098"", ""sub099"", ""sub100"", ""sub101"", ""sub102"", ""sub104"", ""sub106"", ""sub107"", ""sub108"", ""sub109"", ""sub110"", ""sub111"", ""sub112"", ""sub113"", ""sub115"", ""sub116"", ""sub117"", ""sub120"", ""sub122""]","[""sub003"", ""sub020"", ""sub030"", ""sub041"", ""sub067"", ""sub068"", ""sub086"", ""sub103"", ""sub105"", ""sub114"", ""sub119"", ""sub121""]","sub118","single processed collection","sorted subject IDs; per-target NumPy SeedSequence([seed, fold_index]); permute remaining source IDs; first ceil(validation_fraction*N_source) are validation","20261001"
"FACED","emotion","sub119","[""sub000"", ""sub001"", ""sub002"", ""sub003"", ""sub004"", ""sub005"", ""sub006"", ""sub007"", ""sub008"", ""sub009"", ""sub010"", ""sub011"", ""sub012"", ""sub013"", ""sub014"", ""sub015"", ""sub016"", ""sub017"", ""sub018"", ""sub019"", ""sub021"", ""sub022"", ""sub023"", ""sub024"", ""sub025"", ""sub026"", ""sub027"", ""sub028"", ""sub029"", ""sub030"", ""sub033"", ""sub034"", ""sub037"", ""sub038"", ""sub040"", ""sub041"", ""sub042"", ""sub043"", ""sub044"", ""sub045"", ""sub046"", ""sub047"", ""sub048"", ""sub049"", ""sub050"", ""sub051"", ""sub052"", ""sub053"", ""sub054"", ""sub055"", ""sub056"", ""sub057"", ""sub058"", ""sub059"", ""sub061"", ""sub063"", ""sub064"", ""sub065"", ""sub066"", ""sub068"", ""sub069"", ""sub070"", ""sub071"", ""sub072"", ""sub073"", ""sub074"", ""sub075"", ""sub076"", ""sub077"", ""sub078"", ""sub079"", ""sub080"", ""sub081"", ""sub082"", ""sub083"", ""sub084"", ""sub085"", ""sub086"", ""sub088"", ""sub089"", ""sub090"", ""sub091"", ""sub092"", ""sub093"", ""sub094"", ""sub095"", ""sub096"", ""sub097"", ""sub098"", ""sub099"", ""sub100"", ""sub101"", ""sub103"", ""sub104"", ""sub105"", ""sub106"", ""sub107"", ""sub108"", ""sub109"", ""sub110"", ""sub111"", ""sub113"", ""sub114"", ""sub115"", ""sub116"", ""sub117"", ""sub118"", ""sub120"", ""sub121"", ""sub122""]","[""sub020"", ""sub031"", ""sub032"", ""sub035"", ""sub036"", ""sub039"", ""sub060"", ""sub062"", ""sub067"", ""sub087"", ""sub102"", ""sub112""]","sub119","single processed collection","sorted subject IDs; per-target NumPy SeedSequence([seed, fold_index]); permute remaining source IDs; first ceil(validation_fraction*N_source) are validation","20261001"
"FACED","emotion","sub120","[""sub000"", ""sub001"", ""sub002"", ""sub003"", ""sub004"", ""sub005"", ""sub006"", ""sub007"", ""sub008"", ""sub009"", ""sub010"", ""sub011"", ""sub012"", ""sub013"", ""sub014"", ""sub015"", ""sub016"", ""sub018"", ""sub019"", ""sub021"", ""sub022"", ""sub023"", ""sub024"", ""sub025"", ""sub026"", ""sub027"", ""sub028"", ""sub029"", ""sub030"", ""sub031"", ""sub032"", ""sub033"", ""sub034"", ""sub036"", ""sub037"", ""sub038"", ""sub039"", ""sub040"", ""sub041"", ""sub042"", ""sub043"", ""sub044"", ""sub045"", ""sub046"", ""sub049"", ""sub050"", ""sub051"", ""sub052"", ""sub053"", ""sub054"", ""sub055"", ""sub056"", ""sub057"", ""sub059"", ""sub060"", ""sub061"", ""sub062"", ""sub063"", ""sub065"", ""sub066"", ""sub067"", ""sub068"", ""sub070"", ""sub071"", ""sub072"", ""sub074"", ""sub075"", ""sub076"", ""sub077"", ""sub078"", ""sub079"", ""sub080"", ""sub081"", ""sub083"", ""sub084"", ""sub085"", ""sub086"", ""sub087"", ""sub088"", ""sub089"", ""sub090"", ""sub091"", ""sub092"", ""sub093"", ""sub094"", ""sub095"", ""sub096"", ""sub097"", ""sub098"", ""sub099"", ""sub100"", ""sub101"", ""sub102"", ""sub103"", ""sub104"", ""sub105"", ""sub106"", ""sub107"", ""sub108"", ""sub110"", ""sub111"", ""sub112"", ""sub113"", ""sub114"", ""sub116"", ""sub117"", ""sub118"", ""sub119"", ""sub121"", ""sub122""]","[""sub017"", ""sub020"", ""sub035"", ""sub047"", ""sub048"", ""sub058"", ""sub064"", ""sub069"", ""sub073"", ""sub082"", ""sub109"", ""sub115""]","sub120","single processed collection","sorted subject IDs; per-target NumPy SeedSequence([seed, fold_index]); permute remaining source IDs; first ceil(validation_fraction*N_source) are validation","20261001"
"FACED","emotion","sub121","[""sub000"", ""sub001"", ""sub002"", ""sub003"", ""sub004"", ""sub005"", ""sub006"", ""sub007"", ""sub008"", ""sub009"", ""sub010"", ""sub011"", ""sub012"", ""sub013"", ""sub014"", ""sub015"", ""sub016"", ""sub018"", ""sub020"", ""sub021"", ""sub022"", ""sub023"", ""sub024"", ""sub025"", ""sub026"", ""sub027"", ""sub028"", ""sub029"", ""sub030"", ""sub031"", ""sub032"", ""sub033"", ""sub034"", ""sub035"", ""sub037"", ""sub038"", ""sub039"", ""sub040"", ""sub041"", ""sub042"", ""sub043"", ""sub044"", ""sub045"", ""sub046"", ""sub047"", ""sub048"", ""sub049"", ""sub050"", ""sub051"", ""sub052"", ""sub054"", ""sub055"", ""sub056"", ""sub057"", ""sub058"", ""sub059"", ""sub060"", ""sub061"", ""sub062"", ""sub063"", ""sub064"", ""sub065"", ""sub066"", ""sub067"", ""sub068"", ""sub069"", ""sub070"", ""sub072"", ""sub073"", ""sub074"", ""sub075"", ""sub077"", ""sub080"", ""sub081"", ""sub082"", ""sub084"", ""sub085"", ""sub086"", ""sub087"", ""sub088"", ""sub089"", ""sub090"", ""sub091"", ""sub093"", ""sub095"", ""sub096"", ""sub097"", ""sub098"", ""sub099"", ""sub100"", ""sub101"", ""sub102"", ""sub103"", ""sub104"", ""sub105"", ""sub107"", ""sub108"", ""sub109"", ""sub110"", ""sub111"", ""sub112"", ""sub113"", ""sub114"", ""sub115"", ""sub116"", ""sub117"", ""sub118"", ""sub119"", ""sub120"", ""sub122""]","[""sub017"", ""sub019"", ""sub036"", ""sub053"", ""sub071"", ""sub076"", ""sub078"", ""sub079"", ""sub083"", ""sub092"", ""sub094"", ""sub106""]","sub121","single processed collection","sorted subject IDs; per-target NumPy SeedSequence([seed, fold_index]); permute remaining source IDs; first ceil(validation_fraction*N_source) are validation","20261001"
"FACED","emotion","sub122","[""sub000"", ""sub001"", ""sub002"", ""sub004"", ""sub005"", ""sub006"", ""sub007"", ""sub008"", ""sub009"", ""sub010"", ""sub011"", ""sub012"", ""sub013"", ""sub014"", ""sub015"", ""sub016"", ""sub017"", ""sub018"", ""sub019"", ""sub021"", ""sub022"", ""sub024"", ""sub025"", ""sub026"", ""sub027"", ""sub028"", ""sub030"", ""sub031"", ""sub032"", ""sub033"", ""sub034"", ""sub035"", ""sub036"", ""sub037"", ""sub038"", ""sub039"", ""sub040"", ""sub042"", ""sub043"", ""sub044"", ""sub045"", ""sub047"", ""sub048"", ""sub049"", ""sub050"", ""sub052"", ""sub053"", ""sub054"", ""sub055"", ""sub056"", ""sub057"", ""sub058"", ""sub059"", ""sub060"", ""sub061"", ""sub062"", ""sub064"", ""sub065"", ""sub066"", ""sub067"", ""sub068"", ""sub069"", ""sub070"", ""sub071"", ""sub072"", ""sub073"", ""sub074"", ""sub075"", ""sub076"", ""sub077"", ""sub078"", ""sub079"", ""sub080"", ""sub082"", ""sub083"", ""sub084"", ""sub085"", ""sub086"", ""sub087"", ""sub090"", ""sub091"", ""sub092"", ""sub093"", ""sub094"", ""sub095"", ""sub096"", ""sub097"", ""sub098"", ""sub099"", ""sub100"", ""sub101"", ""sub102"", ""sub103"", ""sub104"", ""sub105"", ""sub106"", ""sub107"", ""sub108"", ""sub109"", ""sub110"", ""sub111"", ""sub112"", ""sub113"", ""sub114"", ""sub115"", ""sub116"", ""sub117"", ""sub119"", ""sub120"", ""sub121""]","[""sub003"", ""sub020"", ""sub023"", ""sub029"", ""sub041"", ""sub046"", ""sub051"", ""sub063"", ""sub081"", ""sub088"", ""sub089"", ""sub118""]","sub122","single processed collection","sorted subject IDs; per-target NumPy SeedSequence([seed, fold_index]); permute remaining source IDs; first ceil(validation_fraction*N_source) are validation","20261001"
"SEED","emotion","1","[""2"", ""4"", ""5"", ""6"", ""7"", ""8"", ""10"", ""12"", ""13"", ""14"", ""15""]","[""3"", ""9"", ""11""]","1","all three sessions","sorted subject IDs; per-target NumPy SeedSequence([seed, fold_index]); permute remaining source IDs; first ceil(validation_fraction*N_source) are validation","20260928"
"SEED","emotion","10","[""1"", ""2"", ""3"", ""4"", ""5"", ""6"", ""7"", ""8"", ""13"", ""14"", ""15""]","[""9"", ""11"", ""12""]","10","all three sessions","sorted subject IDs; per-target NumPy SeedSequence([seed, fold_index]); permute remaining source IDs; first ceil(validation_fraction*N_source) are validation","20260928"
"SEED","emotion","11","[""1"", ""2"", ""3"", ""4"", ""5"", ""7"", ""9"", ""10"", ""12"", ""13"", ""15""]","[""6"", ""8"", ""14""]","11","all three sessions","sorted subject IDs; per-target NumPy SeedSequence([seed, fold_index]); permute remaining source IDs; first ceil(validation_fraction*N_source) are validation","20260928"
"SEED","emotion","12","[""1"", ""2"", ""3"", ""4"", ""6"", ""8"", ""9"", ""10"", ""13"", ""14"", ""15""]","[""5"", ""7"", ""11""]","12","all three sessions","sorted subject IDs; per-target NumPy SeedSequence([seed, fold_index]); permute remaining source IDs; first ceil(validation_fraction*N_source) are validation","20260928"
"SEED","emotion","13","[""1"", ""2"", ""3"", ""4"", ""5"", ""6"", ""7"", ""8"", ""10"", ""11"", ""12""]","[""9"", ""14"", ""15""]","13","all three sessions","sorted subject IDs; per-target NumPy SeedSequence([seed, fold_index]); permute remaining source IDs; first ceil(validation_fraction*N_source) are validation","20260928"
"SEED","emotion","14","[""2"", ""3"", ""4"", ""5"", ""6"", ""7"", ""8"", ""9"", ""10"", ""12"", ""13""]","[""1"", ""11"", ""15""]","14","all three sessions","sorted subject IDs; per-target NumPy SeedSequence([seed, fold_index]); permute remaining source IDs; first ceil(validation_fraction*N_source) are validation","20260928"
"SEED","emotion","15","[""1"", ""3"", ""4"", ""5"", ""6"", ""7"", ""9"", ""10"", ""12"", ""13"", ""14""]","[""2"", ""8"", ""11""]","15","all three sessions","sorted subject IDs; per-target NumPy SeedSequence([seed, fold_index]); permute remaining source IDs; first ceil(validation_fraction*N_source) are validation","20260928"
"SEED","emotion","2","[""1"", ""3"", ""5"", ""6"", ""7"", ""9"", ""10"", ""11"", ""13"", ""14"", ""15""]","[""4"", ""8"", ""12""]","2","all three sessions","sorted subject IDs; per-target NumPy SeedSequence([seed, fold_index]); permute remaining source IDs; first ceil(validation_fraction*N_source) are validation","20260928"
"SEED","emotion","3","[""1"", ""2"", ""4"", ""5"", ""6"", ""7"", ""8"", ""9"", ""12"", ""13"", ""14""]","[""10"", ""11"", ""15""]","3","all three sessions","sorted subject IDs; per-target NumPy SeedSequence([seed, fold_index]); permute remaining source IDs; first ceil(validation_fraction*N_source) are validation","20260928"
"SEED","emotion","4","[""1"", ""2"", ""3"", ""5"", ""6"", ""7"", ""10"", ""11"", ""12"", ""13"", ""15""]","[""8"", ""9"", ""14""]","4","all three sessions","sorted subject IDs; per-target NumPy SeedSequence([seed, fold_index]); permute remaining source IDs; first ceil(validation_fraction*N_source) are validation","20260928"
"SEED","emotion","5","[""1"", ""2"", ""3"", ""4"", ""6"", ""7"", ""9"", ""11"", ""13"", ""14"", ""15""]","[""8"", ""10"", ""12""]","5","all three sessions","sorted subject IDs; per-target NumPy SeedSequence([seed, fold_index]); permute remaining source IDs; first ceil(validation_fraction*N_source) are validation","20260928"
"SEED","emotion","6","[""2"", ""3"", ""4"", ""5"", ""7"", ""9"", ""10"", ""11"", ""13"", ""14"", ""15""]","[""1"", ""8"", ""12""]","6","all three sessions","sorted subject IDs; per-target NumPy SeedSequence([seed, fold_index]); permute remaining source IDs; first ceil(validation_fraction*N_source) are validation","20260928"
"SEED","emotion","7","[""1"", ""2"", ""3"", ""4"", ""5"", ""6"", ""8"", ""11"", ""12"", ""13"", ""15""]","[""9"", ""10"", ""14""]","7","all three sessions","sorted subject IDs; per-target NumPy SeedSequence([seed, fold_index]); permute remaining source IDs; first ceil(validation_fraction*N_source) are validation","20260928"
"SEED","emotion","8","[""1"", ""3"", ""5"", ""6"", ""7"", ""9"", ""10"", ""11"", ""12"", ""13"", ""14""]","[""2"", ""4"", ""15""]","8","all three sessions","sorted subject IDs; per-target NumPy SeedSequence([seed, fold_index]); permute remaining source IDs; first ceil(validation_fraction*N_source) are validation","20260928"
"SEED","emotion","9","[""2"", ""3"", ""4"", ""5"", ""6"", ""8"", ""10"", ""11"", ""12"", ""13"", ""15""]","[""1"", ""7"", ""14""]","9","all three sessions","sorted subject IDs; per-target NumPy SeedSequence([seed, fold_index]); permute remaining source IDs; first ceil(validation_fraction*N_source) are validation","20260928"
"SEED-IV","emotion","1","[""3"", ""4"", ""5"", ""6"", ""7"", ""8"", ""9"", ""10"", ""11"", ""13"", ""15""]","[""2"", ""12"", ""14""]","1","all three sessions","sorted subject IDs; per-target NumPy SeedSequence([seed, fold_index]); permute remaining source IDs; first ceil(validation_fraction*N_source) are validation","20260930"
"SEED-IV","emotion","10","[""1"", ""2"", ""4"", ""6"", ""8"", ""9"", ""11"", ""12"", ""13"", ""14"", ""15""]","[""3"", ""5"", ""7""]","10","all three sessions","sorted subject IDs; per-target NumPy SeedSequence([seed, fold_index]); permute remaining source IDs; first ceil(validation_fraction*N_source) are validation","20260930"
"SEED-IV","emotion","11","[""1"", ""3"", ""4"", ""5"", ""6"", ""7"", ""9"", ""12"", ""13"", ""14"", ""15""]","[""2"", ""8"", ""10""]","11","all three sessions","sorted subject IDs; per-target NumPy SeedSequence([seed, fold_index]); permute remaining source IDs; first ceil(validation_fraction*N_source) are validation","20260930"
"SEED-IV","emotion","12","[""1"", ""3"", ""4"", ""5"", ""7"", ""8"", ""10"", ""11"", ""13"", ""14"", ""15""]","[""2"", ""6"", ""9""]","12","all three sessions","sorted subject IDs; per-target NumPy SeedSequence([seed, fold_index]); permute remaining source IDs; first ceil(validation_fraction*N_source) are validation","20260930"
"SEED-IV","emotion","13","[""2"", ""3"", ""4"", ""6"", ""7"", ""8"", ""9"", ""10"", ""11"", ""14"", ""15""]","[""1"", ""5"", ""12""]","13","all three sessions","sorted subject IDs; per-target NumPy SeedSequence([seed, fold_index]); permute remaining source IDs; first ceil(validation_fraction*N_source) are validation","20260930"
"SEED-IV","emotion","14","[""1"", ""2"", ""3"", ""5"", ""6"", ""9"", ""10"", ""11"", ""12"", ""13"", ""15""]","[""4"", ""7"", ""8""]","14","all three sessions","sorted subject IDs; per-target NumPy SeedSequence([seed, fold_index]); permute remaining source IDs; first ceil(validation_fraction*N_source) are validation","20260930"
"SEED-IV","emotion","15","[""1"", ""2"", ""3"", ""4"", ""5"", ""8"", ""9"", ""10"", ""11"", ""13"", ""14""]","[""6"", ""7"", ""12""]","15","all three sessions","sorted subject IDs; per-target NumPy SeedSequence([seed, fold_index]); permute remaining source IDs; first ceil(validation_fraction*N_source) are validation","20260930"
"SEED-IV","emotion","2","[""1"", ""3"", ""4"", ""5"", ""7"", ""8"", ""9"", ""10"", ""12"", ""14"", ""15""]","[""6"", ""11"", ""13""]","2","all three sessions","sorted subject IDs; per-target NumPy SeedSequence([seed, fold_index]); permute remaining source IDs; first ceil(validation_fraction*N_source) are validation","20260930"
"SEED-IV","emotion","3","[""2"", ""4"", ""5"", ""6"", ""7"", ""8"", ""10"", ""11"", ""12"", ""14"", ""15""]","[""1"", ""9"", ""13""]","3","all three sessions","sorted subject IDs; per-target NumPy SeedSequence([seed, fold_index]); permute remaining source IDs; first ceil(validation_fraction*N_source) are validation","20260930"
"SEED-IV","emotion","4","[""1"", ""2"", ""3"", ""5"", ""6"", ""7"", ""10"", ""12"", ""13"", ""14"", ""15""]","[""8"", ""9"", ""11""]","4","all three sessions","sorted subject IDs; per-target NumPy SeedSequence([seed, fold_index]); permute remaining source IDs; first ceil(validation_fraction*N_source) are validation","20260930"
"SEED-IV","emotion","5","[""1"", ""2"", ""3"", ""6"", ""7"", ""8"", ""9"", ""10"", ""12"", ""13"", ""15""]","[""4"", ""11"", ""14""]","5","all three sessions","sorted subject IDs; per-target NumPy SeedSequence([seed, fold_index]); permute remaining source IDs; first ceil(validation_fraction*N_source) are validation","20260930"
"SEED-IV","emotion","6","[""1"", ""2"", ""3"", ""4"", ""5"", ""7"", ""9"", ""11"", ""12"", ""13"", ""14""]","[""8"", ""10"", ""15""]","6","all three sessions","sorted subject IDs; per-target NumPy SeedSequence([seed, fold_index]); permute remaining source IDs; first ceil(validation_fraction*N_source) are validation","20260930"
"SEED-IV","emotion","7","[""3"", ""4"", ""5"", ""6"", ""9"", ""10"", ""11"", ""12"", ""13"", ""14"", ""15""]","[""1"", ""2"", ""8""]","7","all three sessions","sorted subject IDs; per-target NumPy SeedSequence([seed, fold_index]); permute remaining source IDs; first ceil(validation_fraction*N_source) are validation","20260930"
"SEED-IV","emotion","8","[""1"", ""2"", ""3"", ""4"", ""5"", ""7"", ""9"", ""10"", ""12"", ""13"", ""15""]","[""6"", ""11"", ""14""]","8","all three sessions","sorted subject IDs; per-target NumPy SeedSequence([seed, fold_index]); permute remaining source IDs; first ceil(validation_fraction*N_source) are validation","20260930"
"SEED-IV","emotion","9","[""1"", ""2"", ""4"", ""5"", ""6"", ""7"", ""8"", ""10"", ""11"", ""12"", ""15""]","[""3"", ""13"", ""14""]","9","all three sessions","sorted subject IDs; per-target NumPy SeedSequence([seed, fold_index]); permute remaining source IDs; first ceil(validation_fraction*N_source) are validation","20260930"
